age,2010,2011,2012,2013,2014,2015,2016,2017,2018,2019,2020,2021,2022,2023,2024,2025,2026,2027,2028,2029,2030,2031,2032,2033,2034,2035,2036,2037,2038,2039,2040,2041,2042,2043,2044,2045,2046,2047,2048,2049,2050,2051,2052,2053,2054,2055,2056,2057,2058,2059,2060
0,0.005603,0.005603,0.005418,0.005238,0.005065,0.004897,0.004735,0.004578,0.004427,0.00428,0.004139,0.004002,0.003869,0.003741,0.003617,0.003498,0.003382,0.00327,0.003162,0.003057,0.002956,0.002858,0.002764,0.002672,0.002584,0.002498,0.002415,0.002335,0.002258,0.002183,0.002111,0.002041,0.001974,0.001908,0.001845,0.001784,0.001725,0.001668,0.001613,0.001559,0.001508,0.001458,0.00141,0.001363,0.001318,0.001274,0.001232,0.001191,0.001152,0.001114,0.001077
1,0.000413,0.001108943,0.001071211,0.001030933,0.000995396,0.00096225,0.000925224,0.000893367,0.0008648,0.000833548,0.000804496,0.000777461,0.00074915,0.000721552,0.000698475,0.000671647,0.000648183,0.00062505,0.000605382,0.000582616,0.000562214,0.000543426,0.00052211,0.000506942,0.00048768,0.000469918,0.000454214,0.000437202,0.000422025,0.000407257,0.000393823,0.000379478,0.00036517,0.000351158,0.000340344,0.000328054,0.000317793,0.000307714,0.000294404,0.00028458,0.000274997,0.00026424,0.000254905,0.000245651,0.000239771,0.000230773,0.000221937,0.000215126,0.000206538,0.000201253,0.000191576
2,0.000224,0.000353664,0.000341535,0.000328012,0.000316185,0.000305613,0.000293377,0.00028294,0.000273924,0.000263499,0.000254281,0.000245414,0.000236257,0.000227186,0.000219794,0.000210779,0.000203229,0.000195701,0.000189645,0.000182116,0.000175846,0.000169857,0.000162496,0.000157985,0.000151803,0.00014589,0.000141184,0.000135354,0.00013069,0.000126084,0.000121703,0.000117128,0.000112531,0.000107981,0.000104854,0.000100582,0.0000975,0.0000945,0.00009,0.0000869,0.0000839,0.0000807,0.0000777,0.0000747,0.0000732,0.0000702,0.0000673,0.0000655,0.0000626,0.0000611,0.0000579
3,0.000169,0.000170101,0.000164329,0.00015782,0.000151874,0.000146781,0.000141132,0.000135975,0.000131563,0.000126422,0.000122165,0.000117688,0.000113409,0.000109086,0.000105333,0.000100993,0.0000974,0.0000937,0.0000908,0.0000872,0.0000844,0.0000815,0.0000777,0.0000755,0.0000727,0.0000697,0.0000676,0.0000646,0.0000625,0.0000604,0.0000581,0.0000559,0.0000538,0.0000517,0.0000502,0.0000479,0.0000465,0.000045,0.0000428,0.0000414,0.0000399,0.0000386,0.0000371,0.0000356,0.0000349,0.0000334,0.0000319,0.0000313,0.0000298,0.000029,0.0000277
4,0.000134,0.000114042,0.000110267,0.000106062,0.000101905,0.0000985,0.0000951,0.0000915,0.0000885,0.000085,0.0000823,0.0000791,0.0000764,0.0000736,0.0000709,0.0000681,0.0000657,0.0000633,0.0000612,0.0000589,0.0000572,0.0000552,0.0000526,0.000051,0.0000493,0.0000472,0.0000459,0.0000438,0.0000425,0.0000411,0.0000394,0.000038,0.0000367,0.0000353,0.0000343,0.0000326,0.0000316,0.0000305,0.0000292,0.0000282,0.0000271,0.0000265,0.0000255,0.0000244,0.0000238,0.0000228,0.0000217,0.0000215,0.0000204,0.0000198,0.0000191
5,0.000104,0.0000973,0.0000942,0.0000908,0.0000871,0.0000842,0.0000817,0.0000786,0.0000759,0.0000729,0.0000708,0.000068,0.0000659,0.0000636,0.0000611,0.0000588,0.0000568,0.0000548,0.000053,0.000051,0.0000498,0.000048,0.0000458,0.0000442,0.000043,0.0000411,0.0000401,0.0000382,0.0000372,0.0000361,0.0000344,0.0000333,0.0000323,0.0000311,0.0000303,0.0000286,0.0000277,0.0000268,0.0000257,0.0000248,0.0000239,0.0000236,0.0000227,0.0000218,0.0000211,0.0000202,0.0000192,0.0000191,0.0000182,0.0000175,0.0000171
6,0.000106,0.0000963,0.0000934,0.0000903,0.0000865,0.0000836,0.0000815,0.0000785,0.0000757,0.0000728,0.0000709,0.000068,0.000066,0.0000639,0.0000612,0.0000592,0.0000572,0.0000552,0.0000534,0.0000515,0.0000504,0.0000486,0.0000465,0.0000447,0.0000437,0.0000418,0.0000409,0.0000389,0.000038,0.0000369,0.0000351,0.0000341,0.0000331,0.0000321,0.0000313,0.0000294,0.0000285,0.0000275,0.0000266,0.0000256,0.0000247,0.0000246,0.0000236,0.0000227,0.0000219,0.0000209,0.00002,0.00002,0.000019,0.0000182,0.000018
7,0.000097,0.000101,0.000098,0.000095,0.000091,0.000088,0.000086,0.000083,0.00008,0.000077,0.000075,0.000072,0.00007,0.000068,0.000065,0.000063,0.000061,0.000059,0.000057,0.000055,0.000054,0.000052,0.00005,0.000048,0.000047,0.000045,0.000044,0.000042,0.000041,0.00004,0.000038,0.000037,0.000036,0.000035,0.000034,0.000032,0.000031,0.00003,0.000029,0.000028,0.000027,0.000027,0.000026,0.000025,0.000024,0.000023,0.000022,0.000022,0.000021,0.00002,0.00002
8,0.000105,0.000104204,0.000101196,0.0000983,0.0000941,0.0000911,0.0000891,0.0000862,0.0000831,0.0000801,0.0000779,0.000075,0.0000729,0.000071,0.0000678,0.0000659,0.0000639,0.0000619,0.0000598,0.0000576,0.0000566,0.0000545,0.0000527,0.0000506,0.0000495,0.0000475,0.0000463,0.0000444,0.0000433,0.0000424,0.0000403,0.0000393,0.0000382,0.0000372,0.000036,0.0000341,0.0000331,0.000032,0.0000309,0.0000299,0.0000289,0.0000289,0.0000279,0.0000269,0.0000258,0.0000247,0.0000237,0.0000236,0.0000226,0.0000216,0.0000216
9,0.000092,0.000105799,0.00010282,0.0001,0.0000958,0.0000928,0.0000906,0.000088,0.0000849,0.0000819,0.0000796,0.0000769,0.0000746,0.0000727,0.0000696,0.0000677,0.0000657,0.0000638,0.0000617,0.0000594,0.0000582,0.0000561,0.0000546,0.0000524,0.0000512,0.0000492,0.0000479,0.0000462,0.0000449,0.000044,0.0000419,0.000041,0.0000397,0.0000388,0.0000374,0.0000357,0.0000347,0.0000337,0.0000324,0.0000314,0.0000304,0.0000303,0.0000293,0.0000283,0.0000272,0.0000262,0.0000252,0.0000249,0.0000239,0.0000229,0.0000227
10,0.000096,0.000107683,0.000104735,0.000101905,0.0000978,0.0000948,0.0000924,0.0000901,0.0000871,0.0000841,0.0000816,0.0000792,0.0000767,0.0000748,0.0000718,0.0000699,0.000068,0.000066,0.000064,0.0000615,0.00006,0.0000581,0.0000567,0.0000547,0.0000532,0.0000512,0.0000497,0.0000484,0.0000469,0.000046,0.0000439,0.000043,0.0000415,0.0000406,0.0000391,0.0000376,0.0000366,0.0000357,0.0000342,0.0000332,0.0000322,0.0000319,0.0000309,0.0000299,0.0000289,0.0000279,0.0000269,0.0000265,0.0000255,0.0000245,0.0000241
11,0.000111,0.000111919,0.000108973,0.000106105,0.00010208,0.0000991,0.0000964,0.0000944,0.0000914,0.0000884,0.0000856,0.0000835,0.0000808,0.0000789,0.0000759,0.000074,0.0000721,0.0000701,0.0000682,0.0000654,0.0000637,0.0000617,0.0000606,0.0000586,0.0000569,0.0000549,0.0000532,0.0000521,0.0000503,0.0000494,0.0000474,0.0000465,0.0000448,0.0000438,0.0000421,0.0000409,0.0000399,0.000039,0.0000372,0.0000363,0.0000353,0.0000347,0.0000337,0.0000327,0.0000317,0.0000308,0.0000298,0.0000291,0.0000281,0.0000271,0.0000265
12,0.000121,0.000121,0.000118,0.000115,0.000111,0.000108,0.000105,0.000103,0.0001,0.000097,0.000094,0.000092,0.000089,0.000087,0.000084,0.000082,0.00008,0.000078,0.000076,0.000073,0.000071,0.000069,0.000068,0.000066,0.000064,0.000062,0.00006,0.000059,0.000057,0.000056,0.000054,0.000053,0.000051,0.00005,0.000048,0.000047,0.000046,0.000045,0.000043,0.000042,0.000041,0.00004,0.000039,0.000038,0.000037,0.000036,0.000035,0.000034,0.000033,0.000032,0.000031
13,0.000121,0.000137759,0.000134633,0.000131383,0.000127352,0.000124221,0.000120921,0.000118754,0.000115653,0.000112514,0.000109318,0.000107268,0.000103974,0.000101752,0.0000986,0.0000965,0.0000943,0.0000922,0.00009,0.0000868,0.0000845,0.0000823,0.0000812,0.0000792,0.0000768,0.0000747,0.0000724,0.0000714,0.0000691,0.000068,0.0000658,0.0000647,0.0000624,0.0000612,0.000059,0.000058,0.0000569,0.0000557,0.0000535,0.0000523,0.0000512,0.0000498,0.0000487,0.0000476,0.0000465,0.0000454,0.0000443,0.000043,0.0000419,0.0000408,0.0000394
14,0.000155,0.000163079,0.000159778,0.000156172,0.0001521,0.000148773,0.00014521,0.000142625,0.000139354,0.000136013,0.000132699,0.000130407,0.000126831,0.000124276,0.000120975,0.000118664,0.00011611,0.000113831,0.000111312,0.000107953,0.00010538,0.000102848,0.000101599,0.0000993,0.0000968,0.0000944,0.0000919,0.0000907,0.0000881,0.0000866,0.0000843,0.0000828,0.0000802,0.0000789,0.0000764,0.0000752,0.000074,0.0000725,0.00007,0.0000686,0.0000674,0.0000655,0.0000643,0.000063,0.0000616,0.0000604,0.0000591,0.0000575,0.0000563,0.0000549,0.0000532
15,0.000176,0.000196974,0.000193472,0.000189431,0.000185362,0.000181809,0.000178053,0.0001748,0.000171322,0.000167757,0.000164454,0.00016173,0.000157934,0.00015495,0.000151418,0.000148913,0.000145913,0.000143437,0.000140472,0.000137111,0.000134315,0.000131333,0.000129676,0.000127199,0.000124387,0.000121863,0.000119071,0.000117468,0.000114608,0.000112736,0.000110182,0.000108308,0.000105427,0.000103937,0.00010114,0.0000996,0.0000981,0.0000962,0.0000937,0.0000919,0.0000904,0.0000881,0.0000867,0.0000852,0.0000834,0.0000819,0.0000805,0.0000786,0.0000771,0.0000753,0.0000734
16,0.000245,0.000238201,0.000234477,0.000229957,0.000225939,0.000222161,0.000218286,0.000214173,0.00021046,0.000206677,0.00020352,0.000200197,0.000196275,0.000192792,0.000189026,0.000186305,0.000182795,0.000180092,0.000176603,0.000173405,0.000170478,0.000166977,0.000164711,0.000161983,0.00015905,0.000156295,0.000153371,0.00015114,0.000148151,0.000145748,0.000142953,0.000140549,0.000137547,0.000135818,0.000132888,0.000130656,0.000128958,0.000126542,0.000124225,0.000121805,0.000120109,0.000117404,0.000115701,0.000113999,0.000111575,0.000109872,0.000108178,0.000106201,0.000104435,0.000102065,0.000100024
17,0.000273,0.000283,0.000279,0.000274,0.00027,0.000266,0.000262,0.000257,0.000253,0.000249,0.000246,0.000242,0.000238,0.000234,0.00023,0.000227,0.000223,0.00022,0.000216,0.000213,0.00021,0.000206,0.000203,0.0002,0.000197,0.000194,0.000191,0.000188,0.000185,0.000182,0.000179,0.000176,0.000173,0.000171,0.000168,0.000165,0.000163,0.00016,0.000158,0.000155,0.000153,0.00015,0.000148,0.000146,0.000143,0.000141,0.000139,0.000137,0.000135,0.000132,0.00013
18,0.000329,0.000325495,0.000321094,0.000315649,0.000311464,0.000307213,0.000302912,0.00029726,0.000292857,0.000288594,0.000285513,0.000280909,0.000276738,0.000272262,0.000267994,0.000264571,0.000260204,0.000256768,0.000252383,0.000249324,0.000246179,0.000241811,0.000238128,0.000234826,0.000231661,0.000228359,0.000225194,0.000221484,0.000218483,0.000214916,0.000211759,0.000208194,0.000205188,0.000202873,0.000199697,0.00019608,0.00019374,0.000190272,0.000188405,0.000184945,0.000182585,0.000179447,0.000177092,0.000174737,0.000171368,0.000169013,0.000166632,0.0001646,0.000162412,0.00015889,0.00015692
19,0.000383,0.000363152,0.000358201,0.000352345,0.000347699,0.000343129,0.000338295,0.0003323,0.000327352,0.000322745,0.000319237,0.000314154,0.000309652,0.000304752,0.000300141,0.000296137,0.000291534,0.000287511,0.000282884,0.000279384,0.000275945,0.000271348,0.000267126,0.000263467,0.000259966,0.000256278,0.000252784,0.000248527,0.000245436,0.000241385,0.000238077,0.000234028,0.000230909,0.000228224,0.000224684,0.000220716,0.000217995,0.00021423,0.000212141,0.000208395,0.000205621,0.000202468,0.000199703,0.000196936,0.000193467,0.000190701,0.000187873,0.000185711,0.000183358,0.000179498,0.00017743
20,0.000396,0.000395463,0.000389846,0.0003836,0.000378252,0.000373279,0.000367732,0.00036165,0.000356042,0.000351007,0.000346774,0.000341327,0.000336352,0.000331069,0.000326036,0.000321343,0.000316598,0.000311889,0.000307122,0.00030286,0.000298978,0.000294244,0.000289644,0.000285572,0.000281589,0.000277454,0.000273485,0.00026886,0.000265557,0.000261116,0.000257627,0.000253189,0.000249831,0.000246729,0.00024268,0.000238601,0.000235469,0.000231557,0.000228926,0.00022504,0.000221829,0.000218729,0.000215525,0.000212318,0.000208956,0.00020575,0.000202461,0.00020006,0.000197534,0.000193518,0.000191205
21,0.000433,0.000422944,0.000416614,0.000409989,0.000403806,0.00039835,0.000392029,0.000385999,0.000379679,0.000374162,0.000369037,0.000363304,0.000357792,0.000352151,0.00034664,0.000341246,0.000336391,0.000330989,0.000326121,0.000320951,0.000316524,0.00031168,0.000306838,0.000302311,0.00029779,0.000293197,0.00028869,0.00028384,0.000280219,0.000275472,0.000271755,0.000267009,0.000263332,0.000259786,0.000255202,0.000251157,0.000247594,0.000243631,0.000240292,0.000236349,0.000232718,0.000229683,0.000226056,0.000222425,0.000219263,0.000215633,0.000211932,0.000209231,0.000206497,0.000202456,0.000199806
22,0.000448,0.000447,0.00044,0.000433,0.000426,0.00042,0.000413,0.000407,0.0004,0.000394,0.000388,0.000382,0.000376,0.00037,0.000364,0.000358,0.000353,0.000347,0.000342,0.000336,0.000331,0.000326,0.000321,0.000316,0.000311,0.000306,0.000301,0.000296,0.000292,0.000287,0.000283,0.000278,0.000274,0.00027,0.000265,0.000261,0.000257,0.000253,0.000249,0.000245,0.000241,0.000238,0.000234,0.00023,0.000227,0.000223,0.000219,0.000216,0.000213,0.000209,0.000206
23,0.000453,0.000469393,0.000461846,0.000454466,0.000446808,0.000440227,0.000432778,0.000426642,0.000419068,0.000412627,0.000405935,0.0004,0.000393288,0.000386907,0.000380446,0.000374022,0.000368782,0.000362362,0.000357135,0.000350579,0.000345045,0.000339782,0.000334645,0.000329173,0.000323848,0.000318541,0.000313182,0.000308034,0.000303637,0.000298402,0.000294063,0.000288826,0.000284568,0.000280114,0.00027493,0.00027087,0.000266425,0.000262336,0.000257888,0.000253762,0.000249463,0.000246434,0.000242132,0.000237838,0.000234858,0.000230563,0.00022641,0.000223165,0.00021982,0.000215864,0.00021257
24,0.000508,0.000490912,0.000482933,0.000475167,0.000467021,0.000459835,0.000452146,0.000445701,0.000437664,0.000430821,0.00042363,0.000416969,0.000410419,0.000403637,0.000396749,0.000390067,0.000384492,0.000377814,0.000372258,0.000365412,0.000359401,0.000353776,0.000348494,0.000342569,0.000337048,0.000331523,0.000325929,0.000320614,0.000315815,0.000310357,0.000305633,0.000300173,0.000295716,0.000290818,0.000285641,0.000281417,0.00027653,0.00027229,0.000267592,0.000263273,0.00025874,0.000255605,0.000251067,0.000246543,0.000243443,0.000238917,0.000234733,0.000231291,0.000227539,0.000223614,0.000220084
25,0.000507,0.000512166,0.000503835,0.000495671,0.000487172,0.000479372,0.000471576,0.000464684,0.000456274,0.000449053,0.000441516,0.000434451,0.000427769,0.000420575,0.000413293,0.000406471,0.000400477,0.000393658,0.000387686,0.000380734,0.000374314,0.000368255,0.000362799,0.000356454,0.000350808,0.00034512,0.000339375,0.000333867,0.000328664,0.000323002,0.00031786,0.000312195,0.00030757,0.000302256,0.000297185,0.000292722,0.000287415,0.000282968,0.00027815,0.000273601,0.000268882,0.000265558,0.000260834,0.000256129,0.000252796,0.000248088,0.000243954,0.000240339,0.000236149,0.000232233,0.000228516
26,0.000523,0.0005339,0.000525248,0.000516675,0.000507909,0.0004995,0.000491637,0.000484208,0.000475488,0.000467891,0.000460105,0.000452593,0.000445787,0.000438182,0.000430532,0.000423627,0.000417152,0.000410248,0.000403789,0.000396822,0.00039007,0.00038354,0.000377854,0.000371144,0.000365366,0.000359535,0.000353673,0.00034794,0.000342335,0.00033649,0.000330917,0.000325069,0.000320277,0.000314588,0.000309618,0.000304881,0.000299196,0.000294492,0.000289604,0.000284816,0.000279947,0.000276339,0.000271467,0.000266611,0.000262965,0.000258106,0.000254052,0.000250261,0.000245641,0.000241704,0.000237835
27,0.000527,0.000557,0.000548,0.000539,0.00053,0.000521,0.000513,0.000505,0.000496,0.000488,0.00048,0.000472,0.000465,0.000457,0.000449,0.000442,0.000435,0.000428,0.000421,0.000414,0.000407,0.0004,0.000394,0.000387,0.000381,0.000375,0.000369,0.000363,0.000357,0.000351,0.000345,0.000339,0.000334,0.000328,0.000323,0.000318,0.000312,0.000307,0.000302,0.000297,0.000292,0.000288,0.000283,0.000278,0.000274,0.000269,0.000265,0.000261,0.000256,0.000252,0.000248
28,0.000598,0.000582405,0.000572977,0.000563525,0.000554266,0.000544703,0.000536396,0.000527839,0.000518554,0.000510099,0.000501854,0.000493329,0.000485993,0.000477621,0.00046928,0.000462103,0.000454555,0.000447382,0.000439807,0.000432649,0.000425487,0.000418055,0.00041163,0.000404428,0.000398038,0.000391802,0.000385587,0.00037927,0.000372886,0.000366758,0.000360355,0.000354233,0.000348951,0.000342717,0.000337446,0.000332231,0.000325999,0.000320671,0.000315431,0.000310276,0.000305145,0.000300639,0.000295513,0.000290355,0.000285994,0.000280842,0.000276815,0.000272545,0.000267254,0.000263139,0.000259014
29,0.000631,0.000610817,0.00060087,0.000590922,0.000581354,0.00057124,0.00056245,0.000553343,0.000543745,0.000534771,0.000526223,0.000517136,0.000509316,0.000500583,0.000491893,0.000484437,0.00047632,0.000468874,0.000460699,0.000453246,0.000445969,0.000438138,0.000431184,0.000423836,0.000416902,0.000410351,0.000403833,0.000397151,0.000390386,0.000384134,0.000377343,0.000371103,0.000365466,0.000359055,0.000353286,0.000347895,0.00034149,0.000335801,0.000330202,0.000324921,0.000319642,0.000314541,0.000309273,0.000303938,0.00029921,0.000293886,0.000289742,0.000285136,0.000279632,0.000275352,0.000271088
30,0.000671,0.000642954,0.000632402,0.000621887,0.000611941,0.00060126,0.000591839,0.000582163,0.000572196,0.000562631,0.000553706,0.000544019,0.000535582,0.000526475,0.000517409,0.000509565,0.000500852,0.000493021,0.000484234,0.000476364,0.000468957,0.000460745,0.000453172,0.000445685,0.000438098,0.000431151,0.000424235,0.000417146,0.000409994,0.000403586,0.000396411,0.000390018,0.000383966,0.000377398,0.00037096,0.000365403,0.000358845,0.00035276,0.000346717,0.000341293,0.000335834,0.000330088,0.000324643,0.00031911,0.000313996,0.000308477,0.000304128,0.000299121,0.000293452,0.000288964,0.000284527
31,0.000667,0.000679672,0.000668433,0.000657248,0.000646834,0.000635537,0.000625367,0.000615073,0.000604651,0.000594414,0.000585014,0.00057469,0.000565519,0.000556,0.000546507,0.000538152,0.000528814,0.000520471,0.00051107,0.000502677,0.000495059,0.000486464,0.000478202,0.000470522,0.000462224,0.000454796,0.000447388,0.000439857,0.000432298,0.000425657,0.000418086,0.000411459,0.000404946,0.000398199,0.00039099,0.000385244,0.000378506,0.000371986,0.000365458,0.000359818,0.000354126,0.000347729,0.000342049,0.000336294,0.000330762,0.00032502,0.000320385,0.000314912,0.000309091,0.000304361,0.000299688
32,0.000739,0.000722,0.00071,0.000698,0.000687,0.000675,0.000664,0.000653,0.000642,0.000631,0.000621,0.00061,0.0006,0.00059,0.00058,0.000571,0.000561,0.000552,0.000542,0.000533,0.000525,0.000516,0.000507,0.000499,0.00049,0.000482,0.000474,0.000466,0.000458,0.000451,0.000443,0.000436,0.000429,0.000422,0.000414,0.000408,0.000401,0.000394,0.000387,0.000381,0.000375,0.000368,0.000362,0.000356,0.00035,0.000344,0.000339,0.000333,0.000327,0.000322,0.000317
33,0.000739,0.000770951,0.00075812,0.000745127,0.000733396,0.00072057,0.000708695,0.000696867,0.00068513,0.000673265,0.000662516,0.000650802,0.000639899,0.000629316,0.000618702,0.000608911,0.000598209,0.000588391,0.000577822,0.00056815,0.000559517,0.000550065,0.000540302,0.000531785,0.000522153,0.000513488,0.000504795,0.000496306,0.000487815,0.000480279,0.000471799,0.000464236,0.000456738,0.000449361,0.00044063,0.000434272,0.000426874,0.000419346,0.000411935,0.00040537,0.000398961,0.00039146,0.000385028,0.000378755,0.000372222,0.000365923,0.000360485,0.000353899,0.000347651,0.000342363,0.000336914
34,0.0008,0.000826733,0.000812996,0.00079885,0.000786243,0.000772474,0.000759677,0.000746905,0.000734276,0.000721454,0.000709809,0.000697341,0.000685473,0.000674197,0.000662863,0.000652145,0.000640696,0.000629921,0.000618798,0.000608392,0.000598885,0.000588922,0.000578376,0.000569154,0.000558949,0.000549533,0.00054006,0.00053105,0.000522015,0.000513775,0.000504757,0.000496456,0.000488437,0.000480557,0.000471167,0.000464334,0.000456406,0.000448305,0.000440533,0.000433217,0.000426297,0.000418385,0.000411415,0.000404828,0.000397705,0.000391062,0.000385109,0.000377897,0.000371324,0.000365717,0.000359708
35,0.000873,0.000889233,0.000874505,0.000859094,0.000845473,0.000830668,0.000816888,0.000803081,0.000789423,0.000775572,0.000762901,0.000749637,0.000736751,0.000724673,0.000712523,0.000700769,0.000688524,0.000676692,0.000665004,0.0006538,0.000643224,0.000632678,0.000621329,0.000611252,0.000600498,0.000590259,0.000579948,0.000570364,0.00056073,0.000551647,0.000542031,0.000532865,0.000524278,0.000515779,0.000505798,0.000498368,0.000489804,0.000481093,0.00047297,0.000464776,0.000457247,0.00044898,0.000441384,0.000434423,0.000426673,0.000419636,0.000413087,0.000405235,0.000398261,0.000392282,0.000385632
36,0.000961,0.000958163,0.000942352,0.000925626,0.000910867,0.000894969,0.000880129,0.00086523,0.000850435,0.000835511,0.00082171,0.000807603,0.000793665,0.000780678,0.000767631,0.000754767,0.000741672,0.000728739,0.000716442,0.000704373,0.000692602,0.000681384,0.000669216,0.000658188,0.000646857,0.000635747,0.000624576,0.00061434,0.000604051,0.000594028,0.000583752,0.000573658,0.000564423,0.000555209,0.000544695,0.000536543,0.000527273,0.000517923,0.000509413,0.000500289,0.000492062,0.000483453,0.000475169,0.000467747,0.000459359,0.000451872,0.000444641,0.000436177,0.000428726,0.000422295,0.000414963
37,0.001014,0.001033,0.001016,0.000998,0.000982,0.000965,0.000949,0.000933,0.000917,0.000901,0.000886,0.000871,0.000856,0.000842,0.000828,0.000814,0.0008,0.000786,0.000773,0.00076,0.000747,0.000735,0.000722,0.00071,0.000698,0.000686,0.000674,0.000663,0.000652,0.000641,0.00063,0.000619,0.000609,0.000599,0.000588,0.000579,0.000569,0.000559,0.00055,0.00054,0.000531,0.000522,0.000513,0.000505,0.000496,0.000488,0.00048,0.000471,0.000463,0.000456,0.000448
38,0.001096,0.001113426,0.001095119,0.001075967,0.001058645,0.001040576,0.001023295,0.001006229,0.000988995,0.00097195,0.00095572,0.000939767,0.000923716,0.000908602,0.000893613,0.000878502,0.000863532,0.000848572,0.000834724,0.000820726,0.000806558,0.000793646,0.000779801,0.000766882,0.000754049,0.000741169,0.000728418,0.000716507,0.000704737,0.000692786,0.000680994,0.000669197,0.000658274,0.000647443,0.000635984,0.000626009,0.000615304,0.000604652,0.000594992,0.000584276,0.000574441,0.000564936,0.000555228,0.000546499,0.000536947,0.000528363,0.000519504,0.000510093,0.000501474,0.000493753,0.000485153
39,0.001198,0.001201126,0.001181381,0.001161162,0.001142419,0.001123287,0.001104584,0.001086457,0.001067949,0.001049856,0.00103235,0.001015361,0.000998243,0.000981899,0.000965862,0.00094965,0.000933625,0.000917779,0.000902918,0.000887841,0.000872557,0.00085859,0.000843866,0.000830059,0.000816211,0.00080244,0.000788989,0.000776013,0.000763393,0.000750509,0.000737843,0.000725334,0.000713328,0.000701612,0.000689683,0.000678611,0.000667208,0.00065588,0.000645375,0.000634086,0.000623349,0.000613202,0.000602781,0.00059317,0.000583104,0.000573848,0.000564045,0.000554316,0.000545001,0.000536403,0.000527258
40,0.001254,0.001298821,0.001277491,0.001256198,0.0012359,0.001215648,0.001195366,0.001176122,0.001156261,0.001137054,0.001118194,0.001100048,0.001081797,0.001064083,0.0010469,0.001029548,0.001012357,0.000995621,0.000979569,0.000963315,0.000946908,0.000931744,0.000916067,0.000901344,0.000886293,0.00087158,0.000857416,0.000843228,0.000829647,0.000815812,0.00080217,0.000788962,0.000775731,0.000763048,0.000750588,0.000738303,0.000726164,0.000714092,0.000702569,0.00069078,0.00067906,0.000668122,0.000656948,0.000646316,0.00063572,0.000625688,0.000614868,0.00060484,0.000594739,0.000585122,0.000575439
41,0.001382,0.001409972,0.001386896,0.001364397,0.001342365,0.001320858,0.001298818,0.001278319,0.001256981,0.001236509,0.00121617,0.001196705,0.001177188,0.001157934,0.001139453,0.001120865,0.001102363,0.001084624,0.001067196,0.001049643,0.001032031,0.001015522,0.000998773,0.000983023,0.000966586,0.000950821,0.000935846,0.00092031,0.000905619,0.000890766,0.000876023,0.00086203,0.000847454,0.000833691,0.000820571,0.000806969,0.000793992,0.000781055,0.000768357,0.000756043,0.000743242,0.000731356,0.000719344,0.000707571,0.000696362,0.000685425,0.00067353,0.000663125,0.000652135,0.000641372,0.0006311
42,0.001492102,0.001522775,0.001498039,0.001474292,0.001450545,0.001427787,0.00140404,0.001382272,0.001359515,0.001337747,0.001315979,0.0012952,0.001274421,0.001253643,0.001233854,0.001214065,0.001194275,0.001175476,0.001156676,0.001137876,0.001119077,0.001101266,0.001083456,0.001066635,0.001048825,0.001032004,0.001016173,0.000999352,0.000983521,0.00096769,0.000951858,0.000937016,0.000921185,0.000906343,0.000892491,0.000877649,0.000863797,0.000849944,0.000836092,0.000823229,0.000809376,0.000796513,0.00078365,0.000770788,0.000758914,0.000747041,0.000734178,0.000723294,0.00071142,0.000699547,0.000688663
43,0.001635301,0.001641563,0.001615228,0.001590012,0.001564512,0.001540388,0.001514961,0.00149179,0.001467603,0.001444389,0.001421177,0.001399027,0.001376895,0.001354572,0.001333393,0.001312347,0.001291248,0.001271173,0.001251002,0.001230976,0.001210893,0.001191828,0.001172897,0.001154843,0.001135688,0.001117727,0.001100866,0.001082846,0.001065795,0.001048949,0.001032012,0.001016112,0.000999157,0.000983196,0.000968437,0.000952458,0.000937604,0.00092271,0.000907761,0.000894169,0.000879276,0.000865402,0.00085161,0.000837749,0.000825053,0.000812186,0.000798488,0.000786869,0.000774105,0.000761198,0.000749583
44,0.001787657,0.001779983,0.001751875,0.001724752,0.001697248,0.001671414,0.001644125,0.001619207,0.001593368,0.001568356,0.001543482,0.001519706,0.001495931,0.001471869,0.001449029,0.001426481,0.001403866,0.001382129,0.001360414,0.001339007,0.001317373,0.001296927,0.001276647,0.001257046,0.001236424,0.001217079,0.001198865,0.001179577,0.001161088,0.001143032,0.001124829,0.001107527,0.001089437,0.001072182,0.001056213,0.001039067,0.001022953,0.001006772,0.000990664,0.00097603,0.000959985,0.000944955,0.000930037,0.000915157,0.000901367,0.000887345,0.000872818,0.00086011,0.000846341,0.000832378,0.000819807
45,0.001893744,0.00193617,0.001906093,0.001876684,0.00184695,0.001819073,0.001789755,0.001762762,0.001735063,0.001707946,0.001681198,0.001655543,0.00162986,0.001603884,0.001579131,0.001554853,0.001530522,0.001506791,0.001483356,0.001460412,0.001437,0.001415029,0.001393178,0.001371757,0.001349563,0.001328614,0.001308757,0.001288113,0.001267997,0.001248537,0.001228918,0.001209925,0.001190659,0.001171958,0.001154505,0.001136147,0.001118552,0.001100877,0.001083535,0.001067581,0.001050276,0.001033962,0.001017743,0.001001807,0.000986683,0.000971357,0.000955983,0.000941883,0.000927005,0.000911959,0.000898233
46,0.002171712,0.002107057,0.002074793,0.00204281,0.002010657,0.001980419,0.001948923,0.001919562,0.001889812,0.001860344,0.001831529,0.001803746,0.001775924,0.001747905,0.001721007,0.001694795,0.001668557,0.00164259,0.00161726,0.001592623,0.001567262,0.001543592,0.001519969,0.001496523,0.001472669,0.001449931,0.0014282,0.001406082,0.001384192,0.001363137,0.001341966,0.001321084,0.001300563,0.001280291,0.001261132,0.001241498,0.001222246,0.001202932,0.001184269,0.001166771,0.001148111,0.001130402,0.001112744,0.001095693,0.001079049,0.001062295,0.001046003,0.001030306,0.001014227,0.000998056,0.000983018
47,0.002280685,0.002287992,0.002253284,0.002218576,0.002183868,0.002150987,0.002117192,0.002085224,0.002053256,0.002021288,0.001990234,0.001960092,0.001929951,0.00189981,0.001870582,0.001842268,0.001813953,0.001785639,0.001758238,0.00173175,0.001704349,0.001678774,0.0016532,0.001627626,0.001602051,0.00157739,0.001553643,0.001529895,0.001506147,0.001483313,0.001460479,0.001437645,0.001415724,0.001393803,0.001372795,0.001351788,0.00133078,0.001309773,0.001289679,0.001270498,0.001250404,0.001231223,0.001212042,0.001193775,0.001175507,0.00115724,0.001139886,0.001122532,0.001105178,0.001087824,0.001071383
48,0.002430372,0.002478027,0.002440526,0.002403029,0.002365631,0.00232981,0.002293563,0.002258764,0.002224385,0.002189817,0.002156323,0.002123566,0.002090937,0.002058596,0.002026852,0.001996261,0.00196567,0.001934994,0.001905303,0.00187676,0.001847272,0.001819506,0.001791794,0.001764058,0.001736676,0.001709976,0.00168413,0.00165851,0.001632849,0.001608029,0.001583403,0.001558658,0.001535088,0.001511445,0.001488507,0.001465948,0.001443137,0.001420445,0.001398748,0.001377816,0.001356184,0.001335454,0.001314691,0.001295034,0.001275104,0.001255248,0.001236579,0.001217635,0.00119892,0.001180267,0.001162378
49,0.002640899,0.002671583,0.002631056,0.002590814,0.002550692,0.002511767,0.002473003,0.002435265,0.002398372,0.00236121,0.002325169,0.002289649,0.00225446,0.002219916,0.002185573,0.002152612,0.002119633,0.002086671,0.002054565,0.002023833,0.001992282,0.001962126,0.001932171,0.00190232,0.001873095,0.001844316,0.00181637,0.001788704,0.001761136,0.001734208,0.001707718,0.001681175,0.001655757,0.001630379,0.001605499,0.001581255,0.00155666,0.001532353,0.001508933,0.001486242,0.001463025,0.001440716,0.001418367,0.001397183,0.001375616,0.001354149,0.001333956,0.001313546,0.001293425,0.001273389,0.001254059
50,0.002870216,0.00286839,0.002824701,0.002781773,0.002738928,0.002696835,0.002655518,0.002614811,0.002575338,0.002535618,0.002496974,0.00245863,0.002420847,0.002384103,0.002347138,0.00231175,0.002276322,0.002241156,0.002206573,0.002173561,0.002139974,0.002107304,0.002075055,0.002043145,0.002012039,0.001981166,0.001951133,0.001921309,0.001891845,0.001862752,0.001834339,0.001806096,0.001778688,0.001751566,0.001724749,0.001698717,0.001672369,0.001646508,0.001621283,0.00159683,0.001572004,0.001548098,0.001524161,0.001501341,0.001478173,0.001455094,0.001433219,0.001411435,0.001389873,0.001368389,0.001347626
51,0.003001,0.003068409,0.003021557,0.002976008,0.002930487,0.002885282,0.002841419,0.002797804,0.002755739,0.002713527,0.002672293,0.002631168,0.00259081,0.002551878,0.002512338,0.002474508,0.002436635,0.002399342,0.002362308,0.002326981,0.002291377,0.002256179,0.002221644,0.002187733,0.002154709,0.002121756,0.002089664,0.002057656,0.002026305,0.001995075,0.001964698,0.001934822,0.001905359,0.00187649,0.001847758,0.001819877,0.001791813,0.001764441,0.001737381,0.001711165,0.001684736,0.001659224,0.001633701,0.001609177,0.001584452,0.001559776,0.001536142,0.001513022,0.00149,0.001467021,0.001444833
52,0.00332866,0.003260415,0.003222052,0.003173949,0.003125845,0.003077742,0.003031388,0.002985034,0.002940429,0.002895824,0.002852093,0.002808363,0.002765507,0.002724401,0.00268242,0.002642188,0.002601956,0.002562599,0.002523241,0.002485633,0.002448025,0.002410417,0.002373683,0.002337825,0.00230284,0.002267856,0.002233746,0.002199637,0.002166402,0.002133167,0.002100806,0.00206932,0.002037834,0.002007223,0.001976612,0.001946875,0.001917139,0.001888277,0.001859415,0.001831427,0.00180344,0.001776327,0.001749214,0.001722976,0.001696738,0.001670499,0.001645136,0.001620647,0.001596158,0.001571669,0.001548054
53,0.003409161,0.003458801,0.003414805,0.00337689,0.003326332,0.003275672,0.003226914,0.003178082,0.00313104,0.003084159,0.00303809,0.002992041,0.002946813,0.002903539,0.002859323,0.002816769,0.00277433,0.002732943,0.002691481,0.002651689,0.002612068,0.002572285,0.002533507,0.002495736,0.002458743,0.002421798,0.002385715,0.002349682,0.002314554,0.002279534,0.00224519,0.002212058,0.002178676,0.002146324,0.002113874,0.002082325,0.002050956,0.002020585,0.001990013,0.001960236,0.001930763,0.001902057,0.001873348,0.001845432,0.001817721,0.001789967,0.001762998,0.001737028,0.001711077,0.001685086,0.001660036
54,0.003692372,0.00366785,0.003618637,0.00357492,0.003535416,0.003482481,0.003431359,0.003380254,0.003330833,0.003281739,0.00323344,0.003185297,0.003137786,0.003092313,0.003046011,0.003001185,0.00295665,0.002913219,0.002869818,0.002827907,0.00278623,0.002744469,0.002703752,0.002664068,0.002624993,0.00258612,0.002548078,0.002510256,0.002473198,0.002436561,0.002400219,0.002365367,0.002330183,0.00229606,0.00226179,0.002228445,0.002195451,0.002163515,0.002131292,0.002099692,0.002068769,0.002038447,0.002008108,0.001978532,0.001949354,0.001920107,0.001891632,0.001864047,0.001836615,0.001809117,0.001782593
55,0.003811752,0.003903964,0.003849917,0.003800399,0.003754671,0.00371364,0.003659957,0.003606512,0.003554533,0.003503052,0.003452383,0.00340209,0.003352171,0.003304267,0.003255777,0.003208529,0.003161778,0.003116093,0.003070677,0.003026517,0.002982562,0.002938779,0.002896015,0.002854235,0.002812857,0.0027719,0.002731749,0.00269206,0.002652878,0.002614564,0.002576077,0.002539276,0.002502195,0.002466125,0.002429901,0.002394622,0.002359857,0.002326149,0.002292174,0.002258593,0.002226093,0.002193992,0.002161861,0.002130504,0.002099724,0.002068868,0.002038823,0.002009397,0.001980342,0.001951214,0.001923062
56,0.004200994,0.00417791,0.004119439,0.004064183,0.004012133,0.003964461,0.003922929,0.003866869,0.003811986,0.003757782,0.003704424,0.003651699,0.003599102,0.003548414,0.003497444,0.003447489,0.00339824,0.003349962,0.00330226,0.003255585,0.003209024,0.003162989,0.003117904,0.00307373,0.003029739,0.002986414,0.002943895,0.002902086,0.002860495,0.002820254,0.0027794,0.002740326,0.002701106,0.002662811,0.00262441,0.002586942,0.002550159,0.00251437,0.002478419,0.002442631,0.002408302,0.002374162,0.002339989,0.002306634,0.002274014,0.002241339,0.002209526,0.002177992,0.002147089,0.002116131,0.002086116
57,0.004449024,0.004486073,0.004423996,0.00436345,0.004305249,0.004250811,0.004201463,0.004158453,0.004100335,0.004043085,0.003986702,0.003931186,0.003875671,0.00382189,0.00376811,0.003715197,0.003663151,0.003611973,0.003561662,0.003512218,0.003462775,0.003414199,0.00336649,0.003319649,0.003272808,0.003226834,0.003181728,0.003137489,0.00309325,0.003050746,0.003007375,0.002965738,0.002924102,0.002883333,0.002842563,0.002802662,0.002763627,0.002725461,0.002687294,0.002649127,0.002612695,0.002576263,0.002539831,0.002504266,0.002469569,0.002434872,0.002401042,0.002367213,0.00233425,0.002301288,0.002269193
58,0.004889207,0.004837092,0.004772679,0.004707636,0.004643666,0.004582404,0.004525017,0.004473462,0.004428559,0.004367777,0.00430785,0.004248941,0.004190126,0.004132834,0.004075708,0.004019457,0.003964145,0.003909637,0.003856183,0.003803584,0.003750883,0.003699268,0.003648455,0.003598565,0.003548567,0.003499533,0.003451517,0.003404348,0.003357137,0.003311813,0.003265714,0.003221138,0.003176647,0.003133062,0.003089642,0.003046945,0.003005322,0.002964384,0.002923627,0.002882853,0.002843904,0.002804832,0.002765843,0.002727757,0.002690637,0.002653615,0.002617364,0.002581032,0.002545714,0.002510501,0.002476031
59,0.005181841,0.005235352,0.005170533,0.005102456,0.005033512,0.004965652,0.004900238,0.004839792,0.004784905,0.004738004,0.004673928,0.004610931,0.004548334,0.00448703,0.004425941,0.004365879,0.004306751,0.004248408,0.004191191,0.004134956,0.004078553,0.004023317,0.003968847,0.00391545,0.003861915,0.003809345,0.003758011,0.003707345,0.003656769,0.003607999,0.003558878,0.003510929,0.003463081,0.003416281,0.003369852,0.003323939,0.003279321,0.003235168,0.003191385,0.003147711,0.003105773,0.003063659,0.003021763,0.002980789,0.002940836,0.002901126,0.002861998,0.002822908,0.002784885,0.002747116,0.002709924
60,0.005587358,0.005683817,0.005621365,0.005552475,0.005480073,0.005406329,0.005333237,0.00526382,0.00519859,0.005140592,0.005090827,0.005023002,0.004956029,0.004890133,0.004824412,0.004759967,0.004696409,0.004633651,0.004571998,0.00451156,0.004450936,0.004391445,0.004332718,0.004275285,0.004217743,0.004161109,0.004105957,0.004051199,0.003996787,0.003943924,0.003891376,0.003839567,0.003787828,0.003737353,0.003687471,0.003637877,0.003589788,0.00354194,0.003494653,0.003447709,0.003402268,0.003356661,0.00331146,0.003267181,0.003223934,0.003181113,0.003138638,0.003096465,0.003055332,0.003014645,0.002974339
61,0.006087102,0.006184947,0.006128706,0.006062134,0.005988582,0.005910493,0.005830578,0.005752474,0.00567683,0.005607281,0.005544932,0.005491837,0.005419752,0.00534859,0.005277509,0.005207989,0.005139312,0.00507148,0.005004657,0.004939339,0.004873884,0.00480945,0.004745818,0.004683734,0.004621598,0.004560317,0.004500729,0.004441264,0.004382448,0.004324832,0.004268307,0.004212089,0.004155893,0.004101222,0.004047334,0.003993537,0.003941418,0.003889363,0.003838048,0.00378736,0.003737864,0.003688265,0.0036393,0.003591245,0.003544178,0.003497757,0.003451457,0.003405784,0.003361078,0.003317033,0.003273169
62,0.006644307,0.00674153,0.00669536,0.006635397,0.006563959,0.006483987,0.006398975,0.006313024,0.006227292,0.00614603,0.006070628,0.00600324,0.005946799,0.005869579,0.00579236,0.005716915,0.005642358,0.005568689,0.005495907,0.005424901,0.005353894,0.005283775,0.005214544,0.005147088,0.005079631,0.005013063,0.004948269,0.004883476,0.00481957,0.004756551,0.004695308,0.004634065,0.004572822,0.004513354,0.004454774,0.004396193,0.004339388,0.004282583,0.004226665,0.004171635,0.004117493,0.00406335,0.004010095,0.003957728,0.003906248,0.003855656,0.003805064,0.003755359,0.003706542,0.003658613,0.003610683
63,0.007713659,0.007395126,0.007356185,0.007305525,0.00723954,0.007160491,0.007072572,0.006980252,0.006885129,0.006792161,0.00670329,0.00662062,0.006547631,0.006485596,0.006401076,0.006318383,0.006236785,0.0061561,0.006076207,0.005998262,0.00592057,0.005843673,0.00576781,0.005693869,0.005619926,0.005547085,0.005475887,0.005404863,0.005334786,0.005265467,0.0051983,0.005131086,0.005063924,0.004998727,0.004934373,0.004870124,0.004807631,0.004745261,0.004683882,0.004623537,0.004563894,0.004504373,0.004446004,0.004388503,0.004331726,0.004276094,0.004220541,0.004165938,0.004112192,0.00405955,0.004006785
64,0.007730428,0.00812391,0.008088196,0.008045084,0.007988145,0.007914271,0.007826848,0.007730784,0.007628242,0.007524644,0.007422962,0.007325268,0.007235363,0.007155182,0.007085825,0.006994801,0.006905235,0.006816589,0.006728676,0.006642774,0.006557482,0.006472945,0.006389636,0.006308305,0.006226926,0.006147029,0.006068436,0.005990489,0.005913359,0.005837059,0.005762943,0.005689006,0.005615255,0.005543574,0.005472553,0.005401934,0.005332935,0.005264368,0.005196841,0.005130375,0.005064556,0.004999001,0.004934853,0.004871558,0.004808774,0.004747387,0.004686366,0.004626153,0.004566809,0.004508771,0.004450553
65,0.008866174,0.008935936,0.008898093,0.008858309,0.008808456,0.008743714,0.008661335,0.008565147,0.0084581,0.008345971,0.008232765,0.008120787,0.008014034,0.007915485,0.007826294,0.007750163,0.007651646,0.007554044,0.00745717,0.007362279,0.007268429,0.007175346,0.007083718,0.006994048,0.006904277,0.006816472,0.006729495,0.00664386,0.006558772,0.006474766,0.006392675,0.006311219,0.00623016,0.006151185,0.006072599,0.005994869,0.005918533,0.005843082,0.005768668,0.005695262,0.005622555,0.005550283,0.005479645,0.005409857,0.005340352,0.005272469,0.005205403,0.005138858,0.005073224,0.005009085,0.004944773
66,0.009792082,0.009839771,0.009792787,0.009750602,0.009703298,0.009645677,0.009572571,0.009481102,0.009373543,0.009256038,0.009133644,0.009008835,0.008885937,0.008769274,0.008660123,0.00856195,0.00847875,0.008371167,0.008264373,0.008159493,0.008056098,0.007953535,0.007852653,0.007753674,0.007654583,0.007557949,0.007461649,0.007367476,0.007273533,0.007181046,0.007090004,0.007000206,0.006911064,0.006823934,0.00673693,0.00665131,0.006566827,0.006483745,0.006401662,0.006320511,0.006240175,0.006160495,0.006082613,0.006005604,0.005928681,0.005853552,0.005779779,0.005706205,0.00563358,0.005562631,0.005491574
67,0.011017158,0.01084281,0.010779271,0.01072713,0.010676322,0.010621002,0.010555007,0.010472754,0.010369988,0.010251459,0.010123249,0.009988228,0.00985081,0.009716931,0.009588249,0.009468027,0.009361234,0.009268948,0.009151289,0.009035497,0.008921573,0.008808582,0.00869746,0.008588204,0.008478949,0.008372496,0.008266042,0.008162389,0.008058737,0.007956952,0.007856101,0.007757118,0.007659069,0.007562887,0.007466705,0.00737239,0.00727901,0.007187497,0.007096918,0.007007273,0.006918561,0.006830783,0.006744873,0.006659897,0.006574921,0.006491812,0.006410571,0.00632933,0.006249023,0.006170583,0.006092144
68,0.011826256,0.011998085,0.011913701,0.01184157,0.011777286,0.011715659,0.011649625,0.01157249,0.011477965,0.011363119,0.011232859,0.011090861,0.010941595,0.010792018,0.010644661,0.010502823,0.010371961,0.010253414,0.010150449,0.01002251,0.009896671,0.0097719,0.009649101,0.00952823,0.009407672,0.009289962,0.009172277,0.009057739,0.008943209,0.008830899,0.008719167,0.008609791,0.00850161,0.008395102,0.008288755,0.008184587,0.008081301,0.00798017,0.007879913,0.007780775,0.007682619,0.007585754,0.007490698,0.007396697,0.007302797,0.007210712,0.007120841,0.007031078,0.00694214,0.006855286,0.006768563
69,0.013093601,0.013278693,0.013172511,0.013077567,0.012991388,0.012914621,0.012841048,0.012762753,0.012673097,0.012566132,0.012438772,0.012294012,0.012136591,0.01197407,0.011809874,0.011647879,0.011493665,0.01134914,0.011218139,0.01110451,0.010965521,0.010827766,0.010692007,0.010558335,0.010425494,0.010295231,0.010165403,0.010038704,0.009912278,0.009788342,0.009664828,0.00954399,0.009424574,0.009306607,0.009189259,0.009074205,0.008960148,0.008848334,0.008737349,0.008627856,0.008519319,0.008412495,0.008307301,0.008203342,0.008099778,0.007997856,0.007898298,0.007799285,0.007700897,0.007604824,0.007509041
70,0.01466962,0.014708161,0.014579161,0.014460016,0.014348951,0.014247828,0.014157192,0.014069643,0.013978098,0.013875244,0.013754663,0.013612121,0.013450839,0.013278766,0.013100363,0.012920079,0.012743562,0.012573657,0.012414792,0.012271038,0.012145568,0.011993323,0.011843047,0.011695104,0.011548664,0.011404305,0.011261101,0.011120724,0.010981101,0.010844162,0.010707684,0.010574055,0.010442047,0.010311267,0.010181805,0.010054591,0.009928629,0.009804849,0.009681889,0.00956092,0.009440852,0.009322952,0.009206432,0.009091372,0.008977166,0.008864354,0.008753879,0.008644655,0.008535804,0.008429509,0.008323691
71,0.016245047,0.01631624,0.016163291,0.01601841,0.015880798,0.015751718,0.015633992,0.015526905,0.015424716,0.015318584,0.015200415,0.015063871,0.014903747,0.014726125,0.014536689,0.014340658,0.014143276,0.013948843,0.01376249,0.013588491,0.013430034,0.013290388,0.013123694,0.012959643,0.012797847,0.012637536,0.01247929,0.012323421,0.012168917,0.012017245,0.011866242,0.01171816,0.011571881,0.011426656,0.011283588,0.011142628,0.011003274,0.010865972,0.010729536,0.010595628,0.010462603,0.010332189,0.010202904,0.010075339,0.009949189,0.009824178,0.009701354,0.009580645,0.009460072,0.00934228,0.009225197
72,0.018213342,0.018141108,0.01796255,0.017790197,0.017623983,0.017464644,0.017315558,0.017177979,0.017053913,0.01693484,0.016811026,0.016675533,0.016520251,0.01634188,0.016145097,0.015936229,0.015720127,0.015502312,0.015288959,0.015084612,0.014892549,0.014716842,0.014561297,0.014378822,0.014199322,0.014020814,0.013845281,0.013671732,0.013500166,0.013331575,0.013163976,0.012999352,0.012836711,0.012675062,0.012516388,0.012359698,0.012204991,0.012052267,0.011900536,0.011751779,0.011604014,0.011459224,0.011315426,0.011173611,0.01103378,0.01089494,0.010758084,0.010624203,0.010490322,0.010359416,0.010229502
73,0.019879539,0.020201887,0.019994398,0.019792282,0.019594928,0.019402464,0.01921876,0.019045239,0.018886478,0.018741093,0.018600317,0.018455981,0.018299287,0.01812334,0.017923725,0.017705724,0.017474196,0.017235613,0.016996766,0.016762694,0.016537101,0.016324659,0.016129444,0.015956503,0.015756673,0.015557678,0.015362335,0.015168881,0.01497788,0.014790039,0.014603558,0.014420176,0.014238969,0.014058872,0.013882361,0.013707843,0.013535621,0.013365513,0.013196634,0.013030927,0.012866547,0.012705356,0.012545246,0.012387355,0.012231913,0.01207753,0.011924976,0.011776047,0.011627185,0.011481427,0.011337009
74,0.022322601,0.022546519,0.022306711,0.022071746,0.021841108,0.021613495,0.021392867,0.021180911,0.020982681,0.020798613,0.020628447,0.020464268,0.020296602,0.020117057,0.019917682,0.01969482,0.019451488,0.019195074,0.0189329,0.018670135,0.018411604,0.018162545,0.017927372,0.017711505,0.017519409,0.017297318,0.017079286,0.016863384,0.016650239,0.016440485,0.016232491,0.016027803,0.015825503,0.015624618,0.015427695,0.015232925,0.015040692,0.01485092,0.014662725,0.014477644,0.014294447,0.014114507,0.013935971,0.013759868,0.013586546,0.013414585,0.013244376,0.013078197,0.012912369,0.012749709,0.012588794
75,0.025477274,0.025198954,0.024923963,0.024653243,0.024386459,0.02412211,0.023862977,0.023610734,0.023370769,0.023143369,0.0229317,0.022735011,0.022545436,0.02235303,0.022148017,0.02192388,0.021673894,0.021403833,0.021121718,0.020832786,0.020542936,0.02025825,0.019983675,0.019724787,0.019486526,0.019270706,0.019027286,0.018786527,0.018548689,0.018314503,0.018082504,0.017854082,0.017628276,0.017404356,0.017184564,0.016967207,0.016752575,0.016540917,0.016331285,0.016124496,0.015920319,0.015719355,0.015520308,0.015323893,0.015130467,0.014938894,0.014749084,0.014563485,0.014378706,0.014197106,0.0140177
76,0.027612152,0.028181338,0.027869231,0.027560763,0.027255514,0.026952434,0.026653999,0.02636069,0.026077726,0.025805346,0.025548269,0.025307028,0.025083052,0.024867228,0.024647629,0.024416801,0.024164862,0.023887169,0.023590052,0.023279051,0.02296127,0.02264324,0.022330907,0.022030013,0.021745811,0.021481358,0.021243023,0.020975304,0.020710587,0.020449783,0.020191616,0.019937318,0.019685875,0.019436904,0.019192084,0.018950044,0.018710896,0.018475323,0.018242297,0.018011716,0.017784546,0.017560502,0.017338986,0.01712031,0.01690472,0.016691599,0.016480344,0.016273306,0.016067689,0.015865217,0.015665404
77,0.031449367,0.031512429,0.031162746,0.030815979,0.030471369,0.030128549,0.029790003,0.029456072,0.029130389,0.028812946,0.02850991,0.028221111,0.027951153,0.027699915,0.027455834,0.027210049,0.026951782,0.02667232,0.026367409,0.026040488,0.025700076,0.025353119,0.025006256,0.024665813,0.024337428,0.024025413,0.023735896,0.023473586,0.02318045,0.022891443,0.022605532,0.02232375,0.022045064,0.021769475,0.021498015,0.021229651,0.020964383,0.020703245,0.020445202,0.020189225,0.019937375,0.019688623,0.019442966,0.019200407,0.018960944,0.018724577,0.018490274,0.018260101,0.018031991,0.017806979,0.017585062
78,0.035259646,0.035214987,0.03482897,0.034444998,0.034061774,0.033679746,0.033301387,0.03292733,0.032560606,0.03219986,0.031851801,0.031516207,0.031198134,0.03090034,0.030620532,0.030350592,0.030078598,0.029793815,0.029488309,0.029154213,0.028798626,0.028429215,0.028053276,0.027677507,0.027308408,0.026951413,0.026612586,0.026297885,0.026010875,0.025692785,0.025378254,0.025068006,0.024761092,0.024457839,0.024158781,0.023863002,0.023570624,0.023282728,0.022998453,0.022716048,0.022438234,0.022163662,0.021892553,0.021624881,0.021360276,0.021099266,0.020840614,0.020586019,0.020334065,0.02008517,0.019839737
79,0.038692695,0.03935015,0.038929287,0.038509413,0.038088512,0.037667953,0.037250191,0.036836208,0.036428792,0.036026593,0.035634862,0.03525361,0.034887892,0.034540975,0.034213908,0.033907897,0.033612452,0.033314475,0.033004692,0.032671154,0.032309404,0.03192521,0.031526758,0.031121288,0.030715859,0.030317181,0.029931688,0.029566163,0.029224911,0.028913776,0.028569615,0.028229782,0.027893519,0.027561399,0.027233655,0.026909231,0.02658862,0.026272618,0.025960724,0.025650736,0.025345515,0.025043882,0.024745845,0.024451669,0.024160515,0.023873298,0.023588824,0.023308384,0.023031068,0.022756799,0.022486273
80,0.043789149,0.044005317,0.0435506,0.043095581,0.042637425,0.042178443,0.041721101,0.041266781,0.040818023,0.040374119,0.039939484,0.039513479,0.03910035,0.038703863,0.038326325,0.037971325,0.037639153,0.037317108,0.036994287,0.036657172,0.036296761,0.035906646,0.035493065,0.035064244,0.034627891,0.03419132,0.033762137,0.033347734,0.032953358,0.03258515,0.032248899,0.031877819,0.031510539,0.031147822,0.030789757,0.030434952,0.030084455,0.02973851,0.029397119,0.029057894,0.028723368,0.028392942,0.028066049,0.027743506,0.027423958,0.027108539,0.026796331,0.026488183,0.026183565,0.02588201,0.025584406
81,0.048394815,0.049291729,0.048803209,0.048312772,0.047816798,0.047318488,0.046820346,0.046324219,0.045832414,0.04534502,0.044865704,0.044394747,0.043933849,0.043486754,0.043057291,0.042648695,0.042264942,0.041903818,0.041555605,0.041205063,0.040840768,0.04045182,0.040031568,0.039586366,0.039124992,0.03865515,0.038185492,0.037724272,0.037277984,0.036852853,0.036456047,0.036092841,0.035692027,0.035296151,0.034905266,0.034517558,0.034134686,0.033756203,0.033382674,0.033011767,0.032645334,0.032283617,0.031925254,0.03157175,0.031221272,0.030875009,0.030532477,0.03019408,0.029859573,0.029528176,0.029200888
82,0.055634765,0.05535195,0.054827325,0.054299541,0.053763597,0.053223426,0.052681627,0.052140553,0.051602345,0.051067913,0.050540119,0.050020651,0.049510036,0.049010241,0.048526132,0.04806069,0.047618664,0.047201254,0.046810275,0.046432055,0.046052155,0.045657684,0.045237119,0.044783322,0.044303116,0.043804851,0.043298416,0.04279238,0.042295061,0.041812935,0.041354307,0.040925053,0.040531533,0.040098683,0.039671151,0.039246809,0.038827785,0.038413015,0.038003563,0.037597301,0.037195293,0.036798603,0.036405103,0.036016921,0.03563193,0.035251192,0.034874708,0.034502479,0.034134504,0.033769719,0.033409188
83,0.06180346,0.06216143,0.061598338,0.061033693,0.060458503,0.059876353,0.059290095,0.058702673,0.058116196,0.057532326,0.056953435,0.056382242,0.055819112,0.055265421,0.054725024,0.054200531,0.053697289,0.053217471,0.052766255,0.052343117,0.051933711,0.051522519,0.051095646,0.050640626,0.050149892,0.049629255,0.049090375,0.048542313,0.047994695,0.047455215,0.046933279,0.046435537,0.045969615,0.045543721,0.045075304,0.044610324,0.044150973,0.043695933,0.043246519,0.042800863,0.042359439,0.041923748,0.041491269,0.041064406,0.040641097,0.040222117,0.039807832,0.039397942,0.038992724,0.038590802,0.038193311
84,0.069605967,0.069962619,0.069352485,0.068743567,0.068125373,0.067497799,0.06686315,0.066224994,0.065585532,0.064947026,0.064311747,0.063682958,0.063061445,0.062448365,0.061847563,0.061259761,0.0606901,0.060142175,0.05962095,0.059131091,0.058670907,0.058225776,0.057778941,0.05731515,0.056821285,0.056287051,0.055722243,0.055136979,0.054542014,0.053946101,0.053360137,0.05279187,0.052249827,0.051743822,0.051280868,0.05076998,0.050264846,0.049764316,0.049269678,0.048779326,0.048293445,0.047813491,0.047337008,0.046866264,0.04639965,0.045937514,0.045480409,0.045027872,0.044580488,0.044136542,0.043697252
85,0.079217346,0.078795767,0.078129877,0.077468464,0.076800703,0.076124715,0.075439109,0.074747128,0.074051171,0.073353992,0.07265809,0.071966864,0.071282007,0.070604397,0.069938051,0.069283671,0.068643906,0.068023483,0.067426821,0.066860459,0.066326747,0.065825516,0.065341087,0.06485467,0.0643505,0.063811775,0.063231526,0.062617186,0.061980947,0.061332947,0.060684841,0.060046351,0.059426832,0.058837499,0.058286334,0.057780734,0.057224714,0.056673808,0.056129011,0.055588963,0.055053879,0.054524692,0.053999463,0.053479936,0.052965282,0.052455329,0.051950632,0.051450714,0.050956454,0.050465831,0.049980117
86,0.089119378,0.088667335,0.087937195,0.087215417,0.086491082,0.085761164,0.085022998,0.084276042,0.08352193,0.082763868,0.082004801,0.081248005,0.080496375,0.079750558,0.079014457,0.078289624,0.077577699,0.076882441,0.07620695,0.075559497,0.074943038,0.074362319,0.073817597,0.073290661,0.072762422,0.072212826,0.071628249,0.070997575,0.070330122,0.069638128,0.068933929,0.068228788,0.067533494,0.066860682,0.066218977,0.06561838,0.06506792,0.064462479,0.063863327,0.063269296,0.062680925,0.062098238,0.061520177,0.060947666,0.060380853,0.059819044,0.0592626,0.058711198,0.058165919,0.057624556,0.057088358
87,0.099516939,0.099525073,0.098723289,0.097934557,0.097154331,0.096365284,0.095571008,0.094769666,0.093958484,0.093140072,0.092317861,0.091495025,0.090675582,0.089860174,0.089052472,0.088254955,0.087468919,0.086698738,0.085944086,0.085213802,0.084511772,0.083843533,0.083215071,0.082624795,0.082054806,0.081481287,0.080887077,0.080253838,0.079570721,0.078847499,0.078097818,0.077334549,0.076569295,0.075816718,0.075086186,0.074389978,0.07373783,0.073140697,0.072484283,0.071833249,0.071188672,0.070549475,0.069915659,0.069287223,0.068665243,0.068048644,0.067437425,0.066831587,0.066232206,0.065637128,0.065047432
88,0.114370563,0.111299329,0.110419528,0.109558461,0.108711621,0.107872612,0.107019091,0.106161919,0.105296614,0.104421488,0.103539048,0.102652749,0.101767221,0.100883501,0.100005129,0.099135337,0.098275273,0.09743009,0.096598766,0.095787349,0.095000286,0.094243652,0.093524853,0.092847873,0.09221325,0.091598638,0.090982271,0.090342428,0.089660385,0.088924511,0.088145106,0.087337156,0.086513307,0.085689273,0.084876165,0.084088239,0.083335893,0.082632559,0.081988615,0.081279142,0.080576883,0.079879742,0.079188695,0.078502976,0.07782422,0.077151282,0.076483694,0.075821914,0.075166691,0.074516305,0.073871429
89,0.129442506,0.124023648,0.123058934,0.122119714,0.121201216,0.120296118,0.119399408,0.118483833,0.117563566,0.116635764,0.115697622,0.114752046,0.113803683,0.1128544,0.111907753,0.11096749,0.110034875,0.109115228,0.108208499,0.107319246,0.106450093,0.105606539,0.104797332,0.104027479,0.103303738,0.10262419,0.10196758,0.101308152,0.10062346,0.099893266,0.099104771,0.098269652,0.09740254,0.096519993,0.095634319,0.094762175,0.093915019,0.09310798,0.092353287,0.091661266,0.090900431,0.090144559,0.089395392,0.088651661,0.087915099,0.08718484,0.086459882,0.085741233,0.085029001,0.084322271,0.083621091
90,0.14786984,0.137775283,0.136717673,0.135693402,0.134697177,0.133721004,0.132759149,0.131807267,0.130829485,0.129848411,0.128858945,0.127859378,0.126852557,0.125841531,0.124830026,0.123822074,0.12281931,0.121826723,0.120845978,0.119880359,0.11893322,0.1180063,0.117108657,0.116246386,0.115427265,0.114656917,0.11393453,0.113236268,0.112535253,0.111806587,0.111028833,0.110188723,0.109297462,0.108373043,0.107429265,0.106483912,0.105550752,0.104646236,0.103784148,0.102976679,0.102239333,0.101424255,0.100616361,0.099814162,0.099019068,0.098230776,0.09744775,0.096671555,0.095901464,0.095137618,0.094379293
91,0.161008923,0.15264866,0.151488966,0.150371484,0.149290238,0.148236804,0.147204668,0.146188696,0.145181143,0.144144205,0.143102781,0.142054104,0.140994307,0.139926394,0.138854401,0.137782472,0.136712809,0.135649785,0.134597197,0.133556752,0.132533537,0.131527915,0.130545887,0.129593718,0.128679994,0.127812516,0.126996722,0.126232409,0.125494638,0.124752719,0.123981282,0.123157341,0.122265801,0.121320018,0.120336325,0.119333378,0.118326561,0.117334297,0.116372025,0.115453215,0.114596065,0.113810647,0.112943638,0.112082707,0.111228618,0.11038179,0.10954025,0.108706014,0.107877494,0.107055962,0.106239892
92,0.186800745,0.168756961,0.167486573,0.166266303,0.165091338,0.163953018,0.162844029,0.161758496,0.16068773,0.159627777,0.158531615,0.157433091,0.156325355,0.15520641,0.15407917,0.15294782,0.151815253,0.150685269,0.149563674,0.148450762,0.147353189,0.146271046,0.145209698,0.144172215,0.143166761,0.142203173,0.141287369,0.140427543,0.139623924,0.138846794,0.138065834,0.137253158,0.136383871,0.135442172,0.134440636,0.133399557,0.132336065,0.131269396,0.130217692,0.129195726,0.128223393,0.127313575,0.126483148,0.125563291,0.124649949,0.12374421,0.1228439,0.121951193,0.121063916,0.120184241,0.119309996
93,0.20578397,0.186212959,0.184830377,0.183498398,0.182219669,0.180987376,0.179793448,0.178631429,0.177491811,0.176369758,0.175256727,0.174105215,0.172948867,0.171784256,0.170607992,0.169422733,0.168232088,0.167039716,0.165852693,0.164670584,0.163501115,0.16234449,0.161206237,0.160089095,0.158997033,0.157940491,0.156926097,0.155963944,0.155062967,0.154219598,0.153405665,0.15258731,0.151734845,0.150821312,0.149829187,0.148773639,0.147674389,0.146551602,0.145425,0.144311916,0.143233324,0.142204705,0.141244965,0.140369387,0.139396787,0.138431931,0.137472818,0.136521305,0.135575235,0.1346371,0.133704461
94,0.229746155,0.205074131,0.20358158,0.202137273,0.200746288,0.199410255,0.19812252,0.196876273,0.195661383,0.194471725,0.193298478,0.192136838,0.19092954,0.189719177,0.188500205,0.187268323,0.186026122,0.184777641,0.183530365,0.182283933,0.181046578,0.179819034,0.178606803,0.177413436,0.176241645,0.175098263,0.173989676,0.172927538,0.171922528,0.170980016,0.170100505,0.169252015,0.168398628,0.167508069,0.166551632,0.165511403,0.164402222,0.163246373,0.162065194,0.16087763,0.159706304,0.158569603,0.157487273,0.156478162,0.15555825,0.154534805,0.153517572,0.152507629,0.15150346,0.150507244,0.149516699
95,0.261065817,0.225372217,0.223774412,0.222221401,0.220718778,0.219271231,0.217880478,0.216541767,0.215244618,0.213981372,0.212743276,0.211524054,0.210314131,0.209056412,0.207795514,0.206524667,0.205239581,0.203943286,0.202642978,0.201339068,0.200039799,0.198746806,0.197465422,0.196200041,0.194953272,0.193731294,0.192536329,0.191379968,0.190274341,0.189226703,0.188247295,0.187334709,0.186454901,0.185569259,0.184643666,0.183647643,0.182561027,0.18140058,0.180190386,0.17895129,0.177705894,0.176476904,0.175284461,0.174150162,0.173092866,0.172132031,0.171058333,0.169991373,0.16893077,0.167877844,0.166830855
96,0.286503166,0.247124389,0.245428761,0.243773389,0.242164354,0.240607279,0.239106617,0.237666994,0.23628019,0.234937018,0.233628989,0.232348244,0.231085012,0.229833106,0.228529576,0.227221653,0.225902844,0.224569262,0.223225435,0.221873091,0.220520112,0.219169277,0.217825704,0.216494602,0.215178526,0.213884049,0.212612848,0.211371759,0.210172739,0.209024907,0.207940273,0.206927993,0.205986304,0.205079394,0.204166162,0.203210024,0.202177531,0.201048058,0.199840159,0.19857796,0.197284012,0.195983952,0.194699439,0.193454561,0.192270265,0.191168771,0.190170005,0.189048695,0.187934438,0.186827357,0.185726531
97,0.311523741,0.270330735,0.2685476,0.266799133,0.265091882,0.263432249,0.261825283,0.260278905,0.25879493,0.257365371,0.25598198,0.25463557,0.253316151,0.252016304,0.250727959,0.249383419,0.248034051,0.246674093,0.24529884,0.243909514,0.242513522,0.241114844,0.239718426,0.238330209,0.236952794,0.235593067,0.234253496,0.232939704,0.231658659,0.230419704,0.229236318,0.22811993,0.227079441,0.226114616,0.225186703,0.224251685,0.223269544,0.222205614,0.221038864,0.219787935,0.218476934,0.217134185,0.21578157,0.214446726,0.213152582,0.211922927,0.210782006,0.209748651,0.208584797,0.207427505,0.206276777
98,0.341469761,0.294978691,0.293121253,0.29129194,0.289497755,0.287745695,0.286041376,0.284393473,0.28280758,0.281285335,0.279820964,0.278404622,0.277025835,0.275676134,0.274346664,0.273027778,0.271649569,0.270267555,0.268873581,0.267461312,0.266035675,0.264601699,0.263164345,0.261730098,0.260301774,0.258886607,0.257487675,0.256110766,0.254761853,0.253445222,0.252174026,0.250961809,0.249819134,0.248758348,0.247777631,0.246835906,0.245885135,0.244883685,0.24379577,0.242598227,0.241308097,0.239957109,0.238568057,0.237170124,0.235789617,0.234451686,0.233183226,0.232006518,0.230946792,0.229744786,0.228549565
99,0.379759999,0.321066347,0.319150317,0.317255096,0.315388093,0.3135567,0.311767039,0.310028166,0.308347034,0.306728664,0.305177603,0.303686782,0.302245026,0.300843115,0.299471528,0.298119716,0.296778773,0.295377163,0.293970137,0.292549242,0.291109873,0.289655623,0.288191705,0.286724941,0.285258556,0.28380018,0.282353308,0.280923883,0.27951848,0.278140312,0.276796736,0.275501577,0.274266781,0.273107613,0.272034432,0.271046335,0.270098299,0.269139972,0.26812829,0.267024609,0.26580133,0.26448292,0.263095332,0.261669025,0.260231994,0.25881225,0.257438481,0.256135774,0.254933189,0.253852415,0.252619584
