"age","2010","2011","2012","2013","2014","2015","2016","2017","2018","2019","2020","2021","2022","2023","2024","2025","2026","2027","2028","2029","2030","2031","2032","2033","2034","2035","2036","2037","2038","2039","2040","2041","2042","2043","2044","2045","2046","2047","2048","2049","2050","2051","2052","2053","2054","2055","2056","2057","2058","2059","2060"
0,78.4833512682397,78.6257461885822,78.783084788949,78.9374146192235,79.0882489338614,79.2355332167664,79.3791211152659,79.5187960423063,79.654477605058,79.7863163901973,79.9140977843213,80.0375501665501,80.1569189551175,80.2716886547819,80.3820807186122,80.488499470108,80.5904920857853,80.6883965240228,80.7819717648218,80.8713642491032,80.9568289498501,81.0385366728978,81.1160527951271,81.1898796108638,81.2601967088995,81.3269125649078,81.3902037069142,81.4498501508503,81.5062896129999,81.5597174103691,81.609999920131,81.6575178297917,81.7021292703391,81.7441176491957,81.783149425787,81.8198683328366,81.8542314425495,81.8866012072866,81.9167841553768,81.9453892651171,81.9719639730699,81.9966099957312,82.0195488302217,82.0412183376785,82.0613132190562,82.0801574524881,82.0980391599215,82.1147133757885,82.1304395479647,82.1450772492991,82.1586870160217
1,77.9409027633554,78.0117549864435,78.1551147538225,78.2959460020776,78.4341563331751,78.5694977107755,78.7016043568354,78.8305712471174,78.9560269695843,79.0779747831811,79.1964114270361,79.3112048657909,79.422086334571,79.5292265287053,79.6321913414494,79.7311269584125,79.8264428679879,79.9176071391211,80.0050425358586,80.0885100970032,80.1680790876882,80.2440079369533,80.3164703976999,80.3850326041529,80.4501197850351,80.5120759338649,80.5706491599392,80.6260181513062,80.6780450126039,80.7270891051047,80.7733476005979,80.8166064520077,80.8574110915588,80.8955391056532,80.9311941753243,80.9641243195974,80.9948941350682,81.02354282792,81.0503527909238,81.0752123260633,81.0985690188563,81.1201331024982,81.1399254052124,81.1581682675513,81.1753006778874,81.1909354772816,81.2055608594964,81.2193022636442,81.2319962931768,81.2438212667672,81.2547184957891
2,76.8434039673827,76.9763013438778,77.1182264933893,77.2579797131802,77.3954408807037,77.5303502377664,77.6624120974541,77.791513007471,77.91739824911,78.0399144459814,78.159093772745,78.2747737277006,78.3868606646228,78.4952775533102,78.5997681057258,78.7003449441542,78.797157076196,78.8900270631877,78.9791155012444,79.0643986588077,79.1458390780253,79.2235400368908,79.2976411308708,79.3680393106837,79.4349151251585,79.4984687229995,79.5586821344671,79.6156530999092,79.6693202528216,79.7199065512413,79.7675286120859,79.8122733134667,79.8543916105965,79.8938279177479,79.930744300181,79.9649601635705,79.9968105757169,80.0264358784052,80.0540368268541,80.0797171345419,80.1037183508561,80.1259716282558,80.1464602768,80.1654250387142,80.1829686588775,80.1990411026329,80.2139025785578,80.2277613312574,80.2406352384925,80.2525817818822,80.2636727180292
3,75.722143639092,75.8677613980519,76.0104078177865,76.1511361838989,76.2897960402431,76.4261675926064,76.5599853530128,76.6910649646023,76.8191618022365,76.9440629921196,77.0656873354058,77.1839704885147,77.2987572541938,77.4100577350227,77.5175802932453,77.6212871654007,77.7211917114855,77.8171987019668,77.9093957901969,77.9977911222257,78.0824010818137,78.1632607461414,78.2403845039584,78.3137925200891,78.383633300098,78.4500426355126,78.5130199219419,78.5727473716246,78.6291430731383,78.6823484779854,78.732473647167,78.7796149779126,78.8240132711521,78.8656721629501,78.9047437315458,78.9411825035008,78.9750541259844,79.0065452381577,79.0358278688195,79.0630679159168,79.0885048120667,79.1121466018754,79.1340440406631,79.1542899086653,79.1730334501013,79.1902201389628,79.2060549268536,79.2206785482516,79.2342753554525,79.2469110734366,79.2586272567019
4,74.5933553261728,74.7403496006852,74.8841229522518,75.0261946920514,75.1664019293384,75.3045341167717,75.4403744038356,75.5737122243743,75.7043221440842,75.8319321347722,75.9564098581759,76.0776100770869,76.1954636696329,76.3098760614883,76.4207413609181,76.5278818524428,76.631259978191,76.7307910566541,76.8264648729553,76.9183399562394,77.0063981173349,77.0907382242343,77.1713241644369,77.2481200570539,77.3212396563731,77.3908534475536,77.4569882937359,77.5197527360779,77.5791964469006,77.6353702139895,77.6883452940886,77.7382552405968,77.7852199990024,77.8293864827615,77.870883653429,77.909738272796,77.9459989399696,77.9796999867048,78.0110123876709,78.0401317501119,78.0672554390332,78.0925286465223,78.1159986914343,78.1377871102438,78.1579080892186,78.1764794044323,78.1935488056755,78.2092661994042,78.223788076467,78.23727518849,78.2497932631257
5,73.4593428650535,73.6063227979756,73.7512286134062,73.8946294845633,74.0363614291446,74.1762201613284,74.3140006310712,74.4495169377467,74.5825596571377,74.7128395158541,74.8401743510051,74.9643794568295,75.0852993563758,75.2029048994421,75.3170328515837,75.4276428699767,75.5345573935214,75.6377009552346,75.7370041193041,75.8324796353658,75.9241174011248,76.0119985906519,76.096161040466,76.1765379917482,76.2531241976148,76.3260949121438,76.3955208640125,76.4615365861448,76.5241121774538,76.5833973775813,76.6394122132882,76.6922588424027,76.7420400078296,76.7888447608204,76.8329127831842,76.8742725723498,76.9129972913791,76.9491510562716,76.9827217539283,77.0139268565284,77.0429697708695,77.0699936114787,77.0951513183135,77.1185522997979,77.1402327390562,77.1602456274318,77.1787398228719,77.1957242554982,77.2113954624688,77.2258400115576,77.2392419664319
6,72.3228598479331,72.4695578880896,72.6154732117361,72.76007921499,72.9032015971018,73.0446459139555,73.1842143912148,73.3217196908833,73.4570056668395,73.5897682408842,73.7198232726331,73.8469396146859,73.9709177163712,74.0916319171046,74.209008376096,74.322921183772,74.4333300938979,74.5400726361725,74.6430133784841,74.7421580306058,74.8374291418673,74.9289220704303,75.0166578247009,75.1006515857997,75.1808289731005,75.2572907340244,75.3301062186628,75.3994447638731,75.4653043717998,75.5277462168688,75.5868896856688,75.6428081068007,75.6955351799736,75.7451736200692,75.7919040048327,75.8358745576582,75.8771061104241,75.9157482087979,75.9517733071242,75.9852686709687,76.0164059479196,76.0453656033179,76.0722984029733,76.0973955891255,76.120682325159,76.1422790605886,76.1622234872833,76.1806491472644,76.1976109935216,76.2132058727645,76.2275817078941
7,71.1841486519814,71.3316946030207,71.478437536098,71.6240776778947,71.7684195933258,71.9112706594876,72.0524415451659,72.1917426124535,72.3290408991836,72.4640536539993,72.5966097633698,72.7264646117841,72.8533650880277,72.9771483143671,73.0976445990469,73.2148168748079,73.3285245561351,73.4387865750005,73.5453296679521,73.6481294229087,73.7470655994449,73.8422017580176,73.9335516933629,74.0211438625303,74.1049263256057,74.1849738741284,74.2612903560676,74.3340349023663,74.4032272813415,74.4689477741262,74.531250094432,74.590313725906,74.6460994338754,74.6986859389056,74.7482587354321,74.794908211736,74.8387449091587,74.8798951149464,74.9184028898569,74.9543538018975,74.9877823722683,75.0188451672249,75.0477226554945,75.0745958357655,75.0995577055575,75.1227694847939,75.1442911719726,75.1641680314142,75.1825865966819,75.1994807476046,75.2150002970075
8,70.0457783320495,70.1933381886131,70.3407616402079,70.4872394080573,70.6326130793299,70.7766872095111,70.9192691697096,71.0601696261616,71.1992706406424,71.3362959986908,71.47110647684,71.6034592666436,71.7331097522002,71.8598048240845,71.9833816171504,72.1036704536182,72.2206342928515,72.3342054026006,72.4442571891391,72.5506621716519,72.6532499711854,72.7520465692568,72.8470425030764,72.9382515910664,73.0256287890948,73.1092691443708,73.1891740373428,73.2654211039874,73.338022047903,73.407070349079,73.4726463139776,73.5348777145626,73.5937960524851,73.6494360834239,73.7019507529123,73.7514514792012,73.7979543654184,73.8417185184269,73.8827216046638,73.9211564217039,73.9570342068813,73.9903894902757,74.021378851033,74.0501827709338,74.0769076840699,74.1017957258588,74.1249335764881,74.1463812413862,74.1662586573877,74.184603053742,74.2014229593527
9,68.9065728742051,69.0544025432528,69.2024035815727,69.3495754020119,69.4957853717095,69.6409009996261,69.7847167094205,69.9270345193862,70.0677375396122,70.2065727676866,70.3434059820091,70.4780123014632,70.6101717500226,70.7396136320181,70.866113309662,70.9894865586178,71.1095708391561,71.2264008636617,71.3397655852751,71.4496819906436,71.5558788284338,71.6583225229565,71.7569815525652,71.8518392710055,71.9428443218053,72.0300674933996,72.1135750016984,72.1933974010418,72.2695106355683,72.3419699756859,72.410876197483,72.4763753114794,72.5384638150964,72.5972388513565,72.6528010348771,72.7052449148143,72.754594033877,72.8010329441515,72.8446449113769,72.8855762480567,72.9239391362643,72.95973747548,72.9930278426165,73.0239300871428,73.0525952564932,73.0792401090123,73.1040553356724,73.1271202694875,73.1485612065343,73.1683655425136,73.1866367768516
10,67.7676056891231,67.9148505703134,68.0633523562201,68.2111165606327,68.3580205957411,68.503986146122,68.6488578466169,68.7924223605191,68.93454165391,69.0749923023968,69.2136476467655,69.3502719262728,69.4847025192265,69.6166502291935,69.7459073833554,69.8722143161607,69.9953938251024,70.1153398767556,70.2319743236412,70.3451992036721,70.4549182703909,70.5609666114984,70.6632824308872,70.7617986873355,70.8564701556447,70.9473239285785,71.0344166537164,71.1178218126127,71.1975198899128,71.2735011312943,71.3458279930604,71.4146516175873,71.480010210213,71.5419649695152,71.6006563414719,71.6561417869028,71.7084436780161,71.757729951307,71.8040262688768,71.8475532245591,71.8884210571033,71.9266985409118,71.962433027851,71.9956303890315,72.0264104479657,72.054989531642,72.0815626818567,72.1063133569054,72.1293499563053,72.1507189008437,72.1704584215786
11,66.6255609583815,66.7748709828563,66.923827724985,67.072103120195,67.2195966901625,67.3662674070564,67.5120003440528,67.6566329844165,67.7999926536325,67.9418715911469,68.082151493825,68.2205959785316,68.3570471263647,68.4912632763951,68.6230369027344,68.7521120946239,68.8782360857044,69.0012664339948,69.1210276823673,69.237511262216,69.3505495508468,69.4601091179046,69.5660392091068,69.6682080662016,69.7665625987812,69.8610716192591,69.9518045208616,70.0387758153623,70.1220590090361,70.2016275351444,70.2774857915752,70.3497246207563,70.4184101937244,70.4836444797723,70.5455029474656,70.6041048069291,70.6594577403712,70.7116979782524,70.7608511082317,70.8070567543906,70.8505142094579,70.8912909293139,70.9295056653241,70.9651415053881,70.9982328773426,71.0289210690336,71.0574367541313,71.0839463875825,71.1086334390432,71.1316063163665,71.1529114463879
12,65.4861664897339,65.6348853198286,65.7842844061421,65.9330163700217,66.0810109303586,66.2282744715923,66.3747154905823,66.5202142402488,66.6646283231651,66.8077521170712,66.9494619264759,67.0895184850033,67.2277909291132,67.3640148420985,67.4980559428845,67.629651970774,67.7585485722695,67.8845134959058,68.0073633180148,68.126956795293,68.2432579583661,68.3561266712307,68.4655709748334,68.57132987034,68.6733612896577,68.771543043677,68.8659340008041,68.9565065671902,69.0433585716887,69.1265219260536,69.2059631112121,69.2817144353407,69.3538249199342,69.4223886644508,69.487507683571,69.5492644919705,69.6077362936128,69.6630289476566,69.7151384357438,69.7641815515051,69.8103261085415,69.8536730184606,69.8943882142545,69.9324919396728,69.9680447290241,70.0010246626415,70.0316435379302,70.0600968196388,70.086515689992,70.1111400900231,70.1340502122242
13,64.3470108888786,64.4956551626976,64.6455031714672,64.7946654326324,64.9430938304872,65.0908488198214,65.2378715002312,65.3840703643623,65.5293256584874,65.673494977413,65.8164390015771,65.9579015440449,66.0977760972568,66.235798744484,66.3718383895036,66.5056941566319,66.6371037757103,66.7658128877813,66.891589241293,67.0142494202585,67.1336521954326,67.249761623301,67.3625054469355,67.4717561232121,67.577388488303,67.6792244508409,67.7772780941614,67.8714718657387,67.9619148448331,68.0486366135007,68.1316691082149,68.2109788295907,68.2865981104341,68.3585759977639,68.4270066191911,68.4919920173097,68.5536147326646,68.6120211060908,68.6671788538894,68.7191530301952,68.7681297223753,68.8141382813113,68.8574182179231,68.8979968162645,68.9360330870602,68.9714487466136,69.0043607918918,69.0349116019753,69.0632270944264,69.0895775640431,69.1141334334034
14,63.2099950976464,63.3585043852222,63.5087705601135,63.6583508778495,63.8071699034501,63.9553317692229,64.102814672303,64.2495690071125,64.3954847357631,64.5404675019772,64.6844282919488,64.8270853383172,64.9683398350061,65.1079251206371,65.2457360531243,65.3815649527343,65.5152099593423,65.6463917967697,65.7748867566055,65.9004375060021,66.0228838627892,66.1420560284792,66.2580170100284,66.3705284259605,66.4796431146144,66.585043997936,66.6867300658695,66.7845344744589,66.8785758882497,66.9688677605892,67.0554345099376,67.1382973365654,67.2174590803397,67.2929228950844,67.3647310497343,67.4329912520935,67.4978259804982,67.5593587001401,67.6176133325814,67.6725983600308,67.724494799005,67.7732978154052,67.8192210422758,67.8623264567548,67.9028395658704,67.9407005836766,67.9760296397639,68.0088616762483,68.0392225834941,68.0674507193017,68.0937136402717
15,62.0778355260282,62.2251727528823,62.3758146688872,62.5257632920717,62.6749467777338,62.8234560581111,62.9712945059023,63.1184656885766,63.2648838116085,63.4104816795024,63.5552066385136,63.6988265381093,63.8412326128215,63.9821428235677,64.1214716567194,64.2590287458985,64.3946038239197,64.5279664146446,64.6588892459309,64.7871114070199,64.912409432314,65.0345699282692,65.1535514184164,65.2692289843224,65.3815724799171,65.4904054040173,65.5956190457699,65.6969929815944,65.7946065780749,65.8884595310327,65.9785519165162,66.0649005638284,66.1475740998453,66.2265528226828,66.301796389921,66.3733786896361,66.4414535896151,66.5061617655472,66.5675073766882,66.6255447539598,66.6804143465362,66.7320885706842,66.7807700737266,66.8264747425149,66.8694933811725,66.9097796520953,66.947530109679,66.9827370904649,67.0153225834602,67.0455715688145,67.0736739680891
16,60.9484629193254,61.0977899771852,61.2487400331187,61.3989975052741,61.5484900348366,61.6973078517111,61.8454242106137,61.9928940658251,62.139668508524,62.2857097672285,62.4309792398415,62.5753011201872,62.7186112462133,62.8606090619668,63.0012018806145,63.1402169215263,63.2774589798432,63.4126865743774,63.5457268418325,63.6763239695446,63.8042417040232,63.9291860896345,64.0510923766113,64.1697334469823,64.2851825735899,64.397185837808,64.5057780376204,64.6106154836624,64.7117439701987,64.8091142352287,64.9026996800178,64.9925136939996,65.0786164707945,65.1610633704709,65.2397590738005,65.314712773431,65.3860631710649,65.4539437539677,65.5184172771231,65.579492911361,65.6373589394064,65.6919502009602,65.7434456319658,65.7918532775856,65.8374199117908,65.8801535760492,65.9202834549737,65.9578550638635,65.9927599190698,66.0251836122816,66.055251725474
17,59.8300430921623,59.9785737508339,60.129742765843,60.2802284312011,60.4299756276643,60.5790384646044,60.7273809249931,60.8750628643926,61.0220767837973,61.1684076747035,61.3140311023564,61.4588365458454,61.6027766991481,61.7456156267731,61.8872231383281,62.0274279481371,62.1660518158109,62.3028788258943,62.4377067019595,62.5703706206016,62.7006038205552,62.8280961970255,62.9527020613105,63.0742153892738,63.1925339672134,63.3075863962739,63.4192980893068,63.5274484932198,63.6319716573803,63.7327860098008,63.8297978284434,63.9230419085743,64.0125356000018,64.0983582001488,64.1804558029783,64.258796397306,64.3334611309046,64.4045169903137,64.4721046220024,64.5362598032965,64.5970802869994,64.6546179357303,64.7089473710584,64.7601172010199,64.8082908728418,64.8535215584622,64.8960321588907,64.935896036531,64.9731427634969,65.0078179769306,65.0399730700314
18,58.7128932190719,58.8689170002027,59.0202233281109,59.1708418156055,59.3207731691905,59.4700222254581,59.6185233622442,59.7663606490325,59.913534031203,60.0600360249193,60.2058516325119,60.3509564249372,60.4953008318347,60.638715696877,60.7810871062233,60.9222238297664,61.0619545190136,61.2001008730885,61.3364469020047,61.470852240686,61.6030903268039,61.7328320797328,61.8598916332331,61.9840611882276,62.1051346881141,62.2230099437839,62.337678436626,62.4489400588427,62.5567000151489,62.6608295619567,62.7611839055698,62.8577957861764,62.9506369332873,63.0397883230654,63.125202371031,63.2068886765784,63.2848790785772,63.3591273408417,63.4298281903287,63.497058608516,63.5608544489307,63.6213135631485,63.6784878931392,63.7324521469078,63.7832550077676,63.8310600377152,63.8759848571037,63.9181237864188,63.9576790505133,63.9946158951151,64.0289154826632
19,57.6159778902292,57.7683382810785,57.9197040471158,58.0703746918085,58.2203952951495,58.3697554347598,58.5183621818334,58.6662832160009,58.8135591305898,58.9601527225472,59.1060516498895,59.2512934866948,59.3958574665238,59.5396267276944,59.6825013077395,59.8243181118722,59.9649027862707,60.1040970999788,60.2416913456481,60.377560735938,60.511478332399,60.6431666825424,60.7723923229583,60.8989697057608,61.022591729424,61.1431798393723,61.2605995264399,61.3747952085615,61.485592952305,61.5928842795141,61.6964665069583,61.7963641876328,61.8925004444404,61.9849280594175,62.0736210525071,62.158575462981,62.2398531315684,62.317317415128,62.3911529185247,62.4614537162651,62.5282271815621,62.591637990296,62.6516370014601,62.7084099906541,62.7618859874228,62.8122960899778,62.8597129925637,62.9041725229303,62.9460154378665,62.9851882041311,63.0216527681788
20,56.5245525330099,56.6751807050864,56.8265244479004,56.9771730474115,57.1271912210866,57.2765615763455,57.4252071485105,57.57315360024,57.72045198458,57.8670786685047,58.012999141934,58.1582600046426,58.3028839562432,58.4468185875279,58.5899815374357,58.7322204492861,58.8734165961498,59.0134046475443,59.1519894473409,59.2890360299169,59.4243537440285,59.5576670692849,59.6887766985176,59.8174604871406,59.9434125108768,60.0665014782901,60.1865711783735,60.3034766938957,60.4171427508511,60.5274069277399,60.6340897410023,60.7371556669359,60.8365220416536,60.9321655635268,61.0240889627356,61.1122747527749,61.196766028776,61.2774425931881,61.3544412643692,61.4278175718998,61.497588767798,61.5639480439054,61.6268237381688,61.6863756735795,61.7425851664477,61.7956366534404,61.8455890938717,61.8924779696207,61.9366116509231,61.9780180388283,62.0166517290861
21,55.4328857338164,55.5873351835683,55.7385862222189,55.8891387250041,56.0390685332334,56.1883563981513,56.3369498218842,56.4848542672032,56.6321088640029,56.7786893915883,56.9245923328431,57.0698027999901,57.2143755772613,57.35831076275,57.5015817666077,57.6440363379027,57.7855971995583,57.9261356472687,58.0654700880226,58.203424502973,58.3398555308483,58.4745185321659,58.6072107045928,58.7377073214152,58.8657224667543,58.9910866292295,59.1136054466277,59.2330993486301,59.3494207120514,59.4625005903607,59.5721217216332,59.6782281776915,59.7807240837466,59.8795192830145,59.9746145418496,60.0659831593115,60.1536572961769,60.2375110523874,60.3176744641129,60.3941425021396,60.4669467040991,60.5362641012559,60.602041902739,60.6644142903319,60.723378978391,60.7791205253935,60.831663694855,60.8810584440157,60.927543084679,60.9712103862744,61.0120449607499
22,54.3520200398255,54.5028048235836,54.6538605557856,54.8042596639619,54.9540240882403,55.103152352699,55.2516140647507,55.3993943976366,55.546538241544,55.6930141793886,55.838838520144,55.9839613950043,56.1284262898239,56.2722528448457,56.4154787308325,56.5579838750415,56.699716481312,56.840563591664,56.9804168666525,57.1190417094898,57.2563231908959,57.3920581429492,57.5260721492857,57.6580821151585,57.7878953614897,57.9152677915371,58.040022833706,58.1618976196528,58.280767788595,58.3964637227566,58.508886996555,58.6178796284147,58.7233911115605,58.8252514928235,58.9234579681326,59.0179561558988,59.1087751783614,59.195805079665,59.2791058810746,59.3586703723294,59.4345490949007,59.5068551479966,59.5755718392266,59.6407896729016,59.702587841209,59.7610377069282,59.8162396554896,59.8682196449548,59.917124371199,59.9631177597548,60.0062078821403
23,53.2702419003381,53.4200241907095,53.5708371722336,53.7209987725507,53.8705512904217,54.0194626591664,54.1677314375002,54.3153272339346,54.4622902052003,54.6086106613808,54.7543124393682,54.8993015386078,55.0436387243214,55.1873123100504,55.3303978205815,55.4728214796699,55.6145749261556,55.7555505167887,55.8956916160665,56.0347771707922,56.1726853382379,56.3092447417217,56.444309031813,56.5775899492225,56.7089182434699,56.8380442068513,56.964781089539,57.0888374675485,57.2100654114196,57.3282831058372,57.4433209130862,57.555080453161,57.6634619119637,57.7682986557412,57.8695371629924,57.967116595702,58.06104122499,58.1512232959549,58.2376701117972,58.3203244797282,58.3992968694159,58.474638217042,58.5463439416193,58.6144563571002,58.6791253240192,58.7403711438436,58.7982653268573,58.8529084210782,58.90432649787,58.9527258902878,58.9981518526428
24,52.1855788609708,52.3380424095501,52.4885681161716,52.6384659368482,52.7877439052807,52.9364181788807,53.0844533609827,53.2318289374158,53.3785710607543,53.5246869094115,53.6702250478689,53.815060417077,53.9592425848469,54.1027633791309,54.2456784448516,54.387948104996,54.5296035714126,54.6705743012809,54.810831491859,54.9501790632919,55.0885217278674,55.225700605895,55.3615663655398,55.4958756175063,55.6284810653446,55.7590950007396,55.8875694693169,56.0135811297486,56.1369827818041,56.2575405954054,56.3751024620079,56.4894626625166,56.6005984866242,56.708295810252,56.8124866761234,56.9130844823378,57.0100810429614,57.1033756051277,57.1929540677672,57.2787379836492,57.3608008989625,57.4392089671033,57.5139609023862,57.5850384522755,57.6526189885381,57.7167158834115,57.7773990334874,57.8347361153206,57.8887876960915,57.9396847798874,57.9875298820636
25,51.1072283509135,51.2561778489635,51.4063976919693,51.5560052212041,51.7050028884542,51.8533994124226,52.001194794953,52.1483313898217,52.2948358939895,52.4407254459703,52.5860576964279,52.7307203096423,52.8747431137058,53.0181016741849,53.1608582090115,53.302962125636,53.4444578878483,53.5853209171599,53.7255675615908,53.8650325421312,54.0036265662639,54.1412470423875,54.2777099586039,54.4128227135485,54.5464640582536,54.6783439936877,54.8082987592398,54.9360462646903,55.0614068509804,55.1841286611954,55.3040349391525,55.4209223396973,55.5346643953313,55.6451144605709,55.7521515025955,55.8557016843317,55.9557184696836,56.0520895166241,56.1447683661466,56.2336928342233,56.3188873586903,56.4003706731969,56.4782057445711,56.552323787873,56.6228761040231,56.6898805207605,56.7534139755559,56.8135389514928,56.8702900841028,56.9238044448891,56.9741607136657
26,50.02415455517,50.173972652713,50.3238627023567,50.4731742403114,50.6218806233935,50.7700080566403,50.9175328850011,51.0644397253176,51.2107022541543,51.3563614754516,51.5014705576767,51.6459346438131,51.7897900175046,51.9329947243594,52.0755916495245,52.217553685952,52.3588856609303,52.4995916429952,52.6397299677028,52.7792030932965,52.9179160456151,53.055802403079,53.1926894035049,53.3284164365491,53.4628691020971,53.5957857884283,53.7270047123333,53.8562477479259,53.9833548589964,54.108032733699,54.2301093902514,54.3493542985572,54.465602912665,54.5787005995723,54.6884853827658,54.79489114282,54.8978687230251,54.9972636468892,55.0930137530966,55.1850633620073,55.2734020143661,55.3580110690775,55.438939184628,55.5161481422813,55.5897402665115,55.6597230411424,55.7261676329318,55.7891418466695,55.8487071464434,55.9049075012787,55.9578938136733
27,48.9431736273476,49.091156495234,49.240729267067,49.3897284056699,49.5381478867374,49.6860014753664,49.8332704078986,49.9799248884607,50.1259639385208,50.2713956959799,50.4162792966022,50.5605381731699,50.7042061549287,50.8472564424941,50.9897068253982,51.1315311947172,51.2727278684908,51.4132811578957,51.5532650672323,51.6926560089182,51.8313866694282,51.9694072737989,52.1065513323181,52.2427253046119,52.3777995758627,52.5115363077314,52.6437934856024,52.7743247941884,52.9029406375156,53.0293676515222,53.1534087184455,53.274840369681,53.3934448582384,53.5090789699629,53.6215153686962,53.7306833137025,53.8365270105211,53.9388867909909,54.0376607574278,54.1328128026607,54.2242816323829,54.3120358657557,54.396105239638,54.4764239492104,54.5531014699267,54.6261366337855,54.6955656099713,54.7614524608912,54.8238999475681,54.8829064934971,54.938590178943
28,47.8587541202919,48.0076944205083,48.1569448257416,48.3056463704701,48.4537669642455,48.6013497144552,48.7483596347877,48.894777974083,49.0405749370194,49.1857992686129,49.3304595892408,49.4745156234426,49.6179905530957,49.7608684509984,49.9031729250518,50.0448716997912,50.1859386708052,50.3263721883358,50.4662075475169,50.6054681753755,50.7441304898013,50.882178523276,51.0194598592849,51.1559107854511,51.291438124911,51.4258087412862,51.558888347682,51.6904830712449,51.820398766937,51.948341239731,52.0741417438162,52.197550767887,52.3183447594927,52.4363588412864,52.5513440462976,52.6631789667417,52.7717932676212,52.8770248014896,52.9787670740331,53.0769718258209,53.1715496758327,53.2624394167524,53.3496636281967,53.4331445854961,53.5129243475447,53.5890587368703,53.6615467049752,53.7304245646114,53.7958108335766,53.8576999240384,53.9161990187447
29,46.7749249507609,46.9237275012663,47.072648927283,47.2210457406555,47.3688822017353,47.516174865041,47.6629272686428,47.8091024295188,47.9546733958781,48.0996688856659,48.2441232002691,48.3879784630266,48.5312598830566,48.6739576383256,48.8160965348728,48.9576645682859,49.0986126680881,49.2389330669591,49.3786527626399,49.5177797835285,49.6563266181241,49.7943061026473,49.931631171041,50.068230015832,50.2040385129601,50.3388746797496,50.4725894264621,50.6050267945905,50.7360126698681,50.8652643893996,50.9925922502028,51.1177657589425,51.2405439819893,51.3607594120871,51.4781441596222,51.5925408655666,51.7038253207084,51.8118354087432,51.9164549182755,52.017647717137,52.1152861580405,52.2092923496945,52.2996535893255,52.3863108696025,52.4692455439666,52.5484935275555,52.6240864501123,52.6960363939923,52.7644234164062,52.8292613034226,52.8906494556275
30,45.6912295906541,45.8394308391377,45.9880213992138,46.1361034787343,46.2836471231745,46.4306579602573,46.5771311347528,46.7230601955765,46.8683969987697,47.0131763379813,47.1574004256529,47.3010699917996,47.4441571711427,47.5866709028369,47.7286346281275,47.8700460915964,48.0108685304236,48.1510860719437,48.2906960837687,48.4297140071068,48.5681414068226,48.7059976203959,48.8432787224319,48.9799240416553,49.1158825727301,49.2510116766746,49.3851921175875,49.5182790507424,49.6501095714004,49.7804421462008,49.9090912042714,50.0357909739529,50.1603431240477,50.2825442334725,50.4021532553826,50.5189596244852,50.6328045647399,50.7434939964623,50.8508989365959,50.9549800631322,51.0556148547614,51.152689662345,51.2461628378078,51.3359772546351,51.4220817350565,51.5044927438697,51.5832041615874,51.6582760471262,51.7297312986457,51.7975863022966,51.8619273611231
31,44.6058577109698,44.7549941678397,44.9032437543016,45.0510051464979,45.1982439797861,45.344959571536,45.4911592370074,45.6368165579553,45.781915229432,45.9264669499076,46.0704711308939,46.2139271403415,46.3568331983355,46.4991583456806,46.6409416200652,46.7821813318641,46.9228508011237,47.0629567169241,47.2024666613863,47.3413751475888,47.4797060204933,47.617431218272,47.7546155498382,47.8912149648151,48.0272199679768,48.1625097076728,48.2969825312138,48.4305441359123,48.5630223642059,48.6942102593025,48.8239503455203,48.9519673415355,49.0780560396161,49.2020256352971,49.3236425904764,49.4426807205694,49.5589308819449,49.6721898704582,49.7822820662828,49.8891531058293,49.9926837109556,50.0927623532338,50.1892966664095,50.2822401928432,50.3714966051409,50.4570822695337,50.5389610824357,50.6171689724427,50.6917342643051,50.7626757393825,50.830036334472
32,43.5233639953381,43.6706084873138,43.818513186287,43.9659389972096,44.1128645327683,44.2592701420319,44.4051800214126,44.5505679045583,44.6954015549645,44.8397185932131,44.9834893943568,45.1267372934291,45.2694330613741,45.4115784637339,45.5531757537579,45.6942333220416,45.8347334139793,45.9746971494958,46.114097263986,46.2529019021534,46.391133138671,46.528749945496,46.6658258198853,46.8023247700912,46.9382815901459,47.0736269902895,47.2082596821498,47.3421175361774,47.4750654347891,47.6069104717082,47.7375125840237,47.8666167475657,47.9940320626181,48.1195294692551,48.2429323441392,48.3639834260039,48.4824593301846,48.5981309331459,48.7108013063846,48.8203594957833,48.9266856323415,49.0296657841468,49.1291963571688,49.2252139842779,49.3175959419896,49.4063350314194,49.4913925306412,49.5727826824949,49.6504694582234,49.7245368447565,49.7949852164088
33,42.4392458108454,42.586482501516,42.7340294801925,42.8811103035697,43.0277044736953,43.1737906081622,43.3193928847548,43.4644920410467,43.6090618102905,43.7531142033063,43.8966429613418,44.0396629960598,44.1821534530252,44.3240851006743,44.4655047071653,44.6063698795092,44.746689051136,44.8864898662456,45.0257483940901,45.1644373707334,45.3025707411898,45.4400791701967,45.5770594380877,45.7134473309763,45.8492991393884,45.9846036445984,46.1192915167032,46.2533081543584,46.3865449188538,46.5188666039486,46.6501273205075,46.7800927623517,46.9086021667982,47.0354173852363,47.1603568980647,47.2831966051069,47.4036791198558,47.5215809744433,47.6366729700484,47.7488063898503,47.85782228935,47.9636008296973,48.0660281198139,48.1650492850652,48.2605038125789,48.3523664471313,48.4405814507897,48.5251592313874,48.6060162046488,48.6832145737957,48.7567894779741
34,41.3590801273913,41.5028319225665,41.6500143714214,41.7967314708549,41.942981409213,42.0887304787228,42.2340124514933,42.3788024206986,42.5230877092784,42.6668737099251,42.8101291618673,42.9529055674506,43.0951708838844,43.2368888248472,43.3780963068615,43.5187733300538,43.6589002426983,43.7985213748591,43.9376161722062,44.0761573463751,44.2141763853969,44.3515839005893,44.4884544665941,44.6247474150937,44.760481284217,44.8956859299534,45.030332866899,45.1643991205509,45.2977855031799,45.4303996263759,45.5621321010997,45.6927605513226,45.8221344021014,45.9500373604607,46.0762921195193,46.2006689261365,46.3229345115166,46.4428434768551,46.5601746255702,46.6747254009083,46.786315419035,46.8947828151589,47.0000084037577,47.1019269934672,47.2003857533335,47.2953155126877,47.386658201644,47.4743942598613,47.5584331222147,47.6388018081471,47.7155080000518
35,40.2754063281889,40.4199236950088,40.566709547262,40.7130516317645,40.8589355104282,41.0043352886076,41.1492764208364,41.2937420944913,41.4377210685477,41.5812173155874,41.7241971799215,41.8666928471719,42.0087163390836,42.1501976567108,42.2911917077457,42.431643722933,42.5715811468668,42.7110068126385,42.8499193609338,42.9882906234803,43.1261587129121,43.2634533600578,43.4002101482556,43.5363959202567,43.6720262712327,43.8071156180964,43.9416627628723,44.0756788678032,44.2091044583005,44.3418684438244,44.4738831779278,44.604991191503,44.7350273553761,44.863790616085,44.9911216177044,45.1168116294657,45.240609468145,45.3622984177908,45.4816442492731,45.5984287841418,45.7124317850192,45.8234689344629,45.9313866317681,46.0360985033583,46.13745683797,46.2353828663195,46.3297960012599,46.4206533601183,46.5078498697489,46.5913927152982,46.6712689446668
36,39.1947596403013,39.3380222768757,39.4844136326676,39.6303458572709,39.7758499051347,39.9208791161288,40.065464703124,40.2095832170242,40.35323925986,40.4964213409864,40.6391025077976,40.7813113615697,40.9230536141637,41.0642807433085,41.2050360150915,41.3452611196917,41.4849702064085,41.6242000091139,41.7629121857674,41.9010953226694,42.038786242872,42.1759339284546,42.3125573402765,42.4486319376911,42.5841455356945,42.7191309586531,42.8535623139239,42.9874669775659,43.1208312222118,43.253631602188,43.3857824458176,43.5171810253867,43.6476926905303,43.7771153186062,43.9052896254602,44.0320511312815,44.1571574794002,44.2803728059155,44.4015034738845,44.5202963002814,44.636525934643,44.7499689751354,44.8604606302753,44.967855360249,45.0720095367015,45.1728256458455,45.2702363942014,45.3641526218738,45.454472500545,45.5411601037791,45.6242092035209
37,38.1127916151775,38.2574571961354,38.4034269200684,38.5489503312861,38.694037743813,38.8386832255834,38.9828898515568,39.1266443964534,39.2699531191712,39.4128019077521,39.5551611403535,39.6970579679447,39.8385093411251,39.9794444664998,40.1199397431271,40.2599139334764,40.3993902536864,40.5383833555696,40.6768920415835,40.8148694584994,40.9523612237789,41.0893363232814,41.2257885948815,41.3617304124851,41.4971229457688,41.6319877473804,41.7663136244696,41.9000894790979,42.0333307197582,42.1660640610401,42.2982356468463,42.4297766035579,42.5605715256062,42.6904669856337,42.8192817421927,42.9468787831239,43.0730517179273,43.1975675976288,43.3202252498418,43.4407955951645,43.5590244227902,43.6746847206806,43.7875851709329,43.8975416356516,44.0043806853997,44.1079828262998,44.2082818780049,44.3051806135699,44.3985618552238,44.4883573357974,44.5745483777644
38,37.0339133806179,37.1785962714348,37.3241201300509,37.4692084784765,37.6138791276707,37.7581046241205,37.9019174662419,38.045282657644,38.1882256774446,38.3307144294444,38.4727348164321,38.6142963236441,38.7554266056978,38.8960643042082,39.0362567458816,39.1759622885914,39.3151788265129,39.453930062982,39.5921910281808,39.7299605565927,39.8672321350819,40.0040113824937,40.1402672780653,40.2760344624307,40.4112848536704,40.5460206535642,40.6802226971797,40.8138798106278,40.9469809159342,41.0795830514972,41.2116716779406,41.3432347535802,41.474161782824,41.6043372742374,41.7336076840349,41.8618339992712,41.9888370233192,42.1144102274523,42.2383632515087,42.3604523250074,42.4804482463822,42.5980966745293,42.7132137208309,42.8255650348639,42.9349664443167,43.0412445054642,43.1443234097458,43.2440936237711,43.3404579811992,43.4332993545211,43.5225935939822
39,35.9569073081095,36.101856491283,36.2469107928044,36.3915420776503,36.535768833143,36.6795747687581,36.8229561216607,36.9659152227151,37.1084653005116,37.2505734166588,37.3922309795321,37.5334416587324,37.6742214760704,37.8145375342917,37.9544157097121,38.0938148197128,38.2327502388186,38.3712327867503,38.5092370464886,38.6467554473987,38.7838014389553,38.9203608070025,39.0564007569297,39.1919622538155,39.3270296908094,39.4616108016771,39.5956782871319,39.7291989843422,39.8621705927446,39.9946219642348,40.1265645787454,40.2580387736527,40.3889748722068,40.5192778074743,40.6488157035013,40.7774827872355,40.9051086499085,41.0315019189287,41.1565000050703,41.2798752786466,41.4013786455292,41.5207818959422,41.6378807340494,41.7524340745812,41.8642285906963,41.973061829628,42.0788050442509,42.1813379779737,42.2805704894762,42.3763817351874,42.468714734226
40,34.8878651130061,35.0277144448235,35.1722796626081,35.316431158382,35.4601902436725,35.6035484629927,35.7464968019741,35.8890098347243,36.0311472783255,36.1728451135866,36.3141200911812,36.4549562113934,36.5953645495649,36.7353329132069,36.8748670661538,37.0139511510237,37.1525639823729,37.2907555273522,37.4284724305669,37.5657302307292,37.7025041780589,37.8388340283414,37.9746369399108,38.1099674804977,38.2448205935775,38.3792015689317,38.5131055307811,38.6464789566379,38.7793027500586,38.9116113356176,39.043388647708,39.1747036146765,39.3055348400063,39.4358396562203,39.5654955258817,39.6944115647146,39.8224695653696,39.9494744041508,40.0752737410274,40.1996828866196,40.3224597797405,40.4433566428882,40.562198132287,40.6787176658991,40.7927092500808,40.9039287481601,41.012210460868,41.1173899391863,41.2193772917726,41.3180449457121,41.4133376493691
41,33.8500417051539,33.9901040514479,34.1337312849111,34.2769694649233,34.4198348672136,34.5623231186279,34.7044125814049,34.8460751827088,34.987379360193,35.1282507633455,35.2687334068846,35.4087966172403,35.5484315689258,35.6876647957771,35.8264589385418,35.9648388436553,36.1027525504326,36.240267236344,36.3773150284118,36.5139391726117,36.6500813253774,36.7858024054045,36.9210109887649,37.0557549285337,37.1900416306032,37.3238669232641,37.4572456254708,37.5901220469009,37.7224641207018,37.8543016591076,37.9856090465671,38.1164467987894,38.2468008214118,38.376700020388,38.5060522655533,38.6347741041261,38.7627882130959,38.8899254810674,39.0160329536787,39.1409568141344,39.2644756824296,39.3863494853277,39.5064051318786,39.6243809676228,39.7400717620603,39.8532167076071,39.9636055002986,40.0710410523459,40.1754104707213,40.2765609856266,40.3744558959672
42,32.8202639788531,32.9617880274252,33.1043869603361,33.2466213675828,33.3885036488897,33.5300379127608,33.6711852902166,33.8119156742237,33.9523034756509,34.0922660137474,34.231868427242,34.3710739745852,34.5098542029771,34.6482698482464,34.7862445520374,34.923838808614,35.0609742472015,35.1977276215186,35.3340224163113,35.4699249917993,35.6053559555302,35.7403869761246,35.8749248480188,36.0090026849561,36.142646220979,36.2758325416248,36.4085939258535,36.5408870111358,36.6726718290764,36.8039651105861,36.9347409080341,37.0650399595193,37.1948518572678,37.3242195261233,37.4531167720092,37.5814678701459,37.7092317787036,37.8362706635225,37.9624385469729,38.0876135297447,38.2115906931143,38.3341498011574,38.4551203042747,38.5742529903547,38.6913510832475,38.8061492261561,38.9184004816534,39.0278831116523,39.1344557317137,39.2379412853976,39.3382660070504
43,31.8087854941151,31.9443905980673,32.0858561759064,32.2269848595362,32.3677807166729,32.5082569752776,32.6483674225333,32.788073115242,32.9274468345826,33.0664095602443,33.2050334355929,33.3432809617427,33.481115371377,33.6186131695899,33.7556784261981,33.8923928646114,34.0286589704194,34.16455768322,34.3000065638544,34.4350896720809,34.5697129178372,34.7039586932358,34.8377369440074,34.9710629006515,35.1039704128672,35.2364309580692,35.3684768569566,35.5000856625103,35.6312140292028,35.7618777204777,35.8920381655602,36.0217256216001,36.1509252125193,36.2796831297474,36.4079862435315,36.5358083140234,36.663130807702,36.7898557399778,36.9158450829504,37.041010443816,37.1651723345173,37.2881254841845,37.4097077582278,37.5296904058392,37.6478826358019,37.7640290870138,37.8778640561284,37.9891404408357,38.0976957011406,38.2033293807335,38.3059240910717
44,30.8017721736732,30.9398324036442,31.0800450030826,31.2199463379938,31.3595376091669,31.4988325879085,31.63778880176,31.776364152587,31.9146107958448,32.0524676133458,32.1899988833393,32.3271730069177,32.4639567240881,32.600416327995,32.736465936715,32.8721876251237,33.0074798327349,33.1424138123099,33.276914802665,33.4110659622862,33.5447744758821,33.6781186377785,33.8110303709755,33.9435064212921,34.0755737087922,34.2072049656502,34.3384297179927,34.4692441331331,34.5995977041782,34.7295207525582,34.8589659946965,34.9879470909163,35.1164515973588,35.2445121902435,35.3721225776927,35.4992699754653,35.6259731140838,35.7521809941749,35.8777698989294,36.0026694818027,36.1267424508354,36.2498070307331,36.3716977845007,36.492217597762,36.6111794928211,36.7283420605297,36.8434508457146,36.9562308529261,37.0665018025408,37.1740509207295,37.2787137250123
45,29.8142565112768,29.9500278382876,30.0888563843096,30.2273941760142,30.3656433142318,30.5036189291627,30.6412843620187,30.7786015623516,30.9155952110425,31.0522248163582,31.1885343400298,31.3245040119514,31.4601172642087,31.5954044268988,31.730312630711,31.8649121707327,31.9991072758924,32.1329529511937,32.2663879696435,32.3994853108789,32.5321578296297,32.6644740127074,32.7963905580103,32.9279010656415,33.0590114784623,33.1896992246067,33.3199810349945,33.4498828565438,33.5793347291822,33.7083866157264,33.8369913012942,33.9651555767304,34.0928604471495,34.2201236367281,34.3469330474573,34.4733006568635,34.5992198043344,34.7247205893971,34.8496998860262,34.9740952174679,35.097810149971,35.2207030581412,35.3426082174677,35.4633520029542,35.5827537325553,35.7005887184133,35.8166342587191,35.9305969257511,36.0422800342331,36.1514651012962,36.2579485223758
46,28.8422190909457,28.9767195218339,29.1140160177296,29.2510442418799,29.3878010803539,29.5243022189201,29.6605261825597,29.7964386558271,29.9320338585977,30.0673023878497,30.2022485744581,30.3368699257762,30.4711761232013,30.6051464847082,30.7387733439703,30.8721043900015,31.0050631965436,31.1376809072504,31.2699191730571,31.401826643398,31.5333330417433,31.6644836435226,31.7952665789171,31.9256746205523,32.0556959857758,32.1853145165435,32.3145239539553,32.4433788641071,32.5717968331909,32.6998390488794,32.8274603377627,32.9546722464211,33.0814580695796,33.2078039140077,33.3336946374651,33.4591672974019,33.5841816464773,33.7087991269191,33.832972548435,33.9566409198086,34.0797474452477,34.2021903901999,34.3238168857056,34.4444806855788,34.5639945708974,34.6821559936024,34.7987891065082,34.9135874726084,35.026350039016,35.1368557674959,35.2448679441873
47,27.8897891077992,28.0213276392897,28.1569321450424,28.2922901543885,28.427397460065,28.5622600816812,28.6968759227373,28.831223604423,28.9652599049265,29.0990139478546,29.2324476434077,29.3655674504337,29.4984147795653,29.630914783779,29.7631098994339,29.8950165429622,30.0265830796261,30.1578211275232,30.2887166276773,30.4192886874383,30.5494852402921,30.6793285331231,30.8088287245685,30.9379876540922,31.0667700590604,31.1951795315243,31.3231806370378,31.4508467758679,31.5780872565167,31.7049764134403,31.8314665323588,31.9575741669772,32.0832972156648,32.2085942570863,32.333433860124,32.4578858682125,32.5818702482494,32.7054732504923,32.8286576423126,32.9513940290376,33.0736595176768,33.1953929950176,33.3164549203568,33.4367359818219,33.5560482713243,33.6741971758533,33.7910652991572,33.9063422298105,34.0198282926678,34.131311717352,34.2405286052496
48,26.9570997197616,27.0845826673534,27.2183315636357,27.3518517986545,27.485143712118,27.6182038604829,27.7510391231998,27.88364812001,28.0159597004787,28.1480318093088,28.2797934588978,28.4112574973679,28.5424826524981,28.673357188764,28.8039607471925,28.9342854586038,29.0642962538411,29.1939938748748,29.3233907275599,29.4524735107204,29.5812089372816,29.7095982498254,29.8376645602285,29.9654188180682,30.0928095770611,30.2198557954415,30.3465072495491,30.4728380661388,30.598758358839,30.7243421277447,30.8495545337236,30.9744034644504,31.0989062663478,31.2230054524979,31.3466595029566,31.4699500517572,31.5927782890153,31.7152343075499,31.8372916604152,31.9589130396349,32.080126649974,32.2009102372488,32.3211451200572,32.4407495992457,32.5595562267582,32.6773765433094,32.7941331989326,32.9095325065532,33.0233811808247,33.135479725616,33.2455568368365
49,26.0346973659541,26.1637301800146,26.2954837569225,26.4270293382172,26.5583674958105,26.6894889426985,26.8204025862003,26.9511228484188,27.0815669454296,27.2118119109157,27.3417656037801,27.4714432388824,27.600905217721,27.7300301964328,27.8589065772699,27.9875182039651,28.1158361322831,28.2438593962772,28.3716196102121,28.4990821226962,28.6262238077693,28.7530393771669,28.8795426069633,29.0057600250505,29.1316298337947,29.2571827589614,29.3823627787652,29.5072316594216,29.6317168443934,29.7558695803103,29.8796780121342,30.0031408122084,30.1262877386054,30.2490562704511,30.3714056270721,30.4934126447633,30.6149766067631,30.7361763921758,30.8569884949072,30.9773876355035,31.0973861841814,31.2170232018811,31.3362131311509,31.4548923626701,31.5729274443095,31.6901435939473,31.8064831173187,31.9216791633213,32.0355560195836,32.1479252858374,32.2585254964785
50,25.1331572511165,25.2585881088411,25.3882065144084,25.5176393213192,25.6468906049818,25.7759403179383,25.9047950641593,26.033482716054,26.161916773306,26.2901872102121,26.4181959216185,26.5459560352449,26.6735139339957,26.8007643835323,26.92778491603,27.0545544486068,27.1810454212235,27.3072643214002,27.4332523789852,27.5589604569619,27.6843756181868,27.8094939524935,27.9343103919009,28.0588590334326,28.1830806057858,28.3070115172412,28.4306004526061,28.5538805562454,28.6768132327979,28.7994172153347,28.921700430568,29.0436501335091,29.1653120827303,29.2866195259547,29.4075410757041,29.5281383862927,29.6483277727116,29.7681614458947,29.8876140632489,30.0066829712399,30.125360482377,30.2436833762393,30.3616350267518,30.4791669078315,30.5961907184389,30.712546515743,30.8281859355748,30.9428753787678,31.0564582805672,31.1687630647089,31.2795493164832
51,24.3159866355831,24.3691735915221,24.4965206235064,24.623704988665,24.7507366087967,24.8775886749574,25.0042543548527,25.1307721380616,25.2570616812026,25.3832129852459,25.5091383921774,25.6348498837996,25.7603675297516,25.8856171005686,26.0106554008626,26.1354615426624,26.2599969235803,26.3842849416944,26.5083700159882,26.6321938599135,26.7557487395809,26.8790454565827,27.0020511059673,27.1248068545878,27.2472540160904,27.3694369933535,27.49131525915,27.6128854509568,27.734146003733,27.8550841146012,27.9757279728566,28.096044871589,28.2160944331305,28.3358171514633,28.4551886919813,28.574249047547,28.6929469340272,28.8113042108918,28.929285533161,29.0469168062708,29.1641675042905,29.2810682666795,29.3976169323181,29.5138056767828,29.6296028555225,29.7448664378488,29.8595446070622,29.9734467486455,30.0864350933534,30.1983535733234,30.3089962339946
52,23.4931655283031,23.5596480291692,23.620731635199,23.7455387361968,23.8702222291139,23.9947531027187,24.1191114688619,24.2433329164393,24.3673521654303,24.4912513537082,24.6149587262836,24.7384904430252,24.8618382649348,24.9849631205785,25.1078954450642,25.2306196746146,25.3530826286254,25.4753192041809,25.5973751823367,25.719191638625,25.8407598968684,25.9621081515683,26.0831824275588,26.2040240416924,26.3245790170844,26.4448905788194,26.5649393521716,26.6846829321894,26.804155009959,26.9233116485668,27.0422013088532,27.1607756949003,27.2790943693777,27.3971106889711,27.5148145739405,27.6322154879325,27.7493000751027,27.8660662082164,27.9824677402913,28.0985521554946,28.2142719168311,28.3296455099926,28.4446857055809,28.5593666292938,28.6737446370981,28.7877057021558,28.9011890932823,29.0140454494145,29.1261601179434,29.2373930281059,29.3475735381528
53,22.6847409674874,22.7561153168163,22.823598483178,22.883830293939,23.006046085834,23.1281388201645,23.2500799548842,23.3718948749916,23.4935310819475,23.615058343427,23.7364254153402,23.8576512767435,23.9787077879069,24.0995874243624,24.2202978125079,24.3408246130086,24.4611060601353,24.581182663398,24.7010910798899,24.8207839695861,24.9402497497058,25.059528293823,25.1785532392201,25.2973669672021,25.4159153987619,25.5342418428519,25.6523423047345,25.7701487077483,25.8877174266755,26.0049844531032,26.122005401297,26.2387303040337,26.3552112906696,26.4714086290538,26.5873262246178,26.7029546830014,26.8183043154068,26.9333623975151,27.0480758847241,27.1625021650258,27.2765862668566,27.3903327721392,27.5037609770316,27.6168318087556,27.729625168512,27.8420928376502,27.954173585397,28.0657534574017,28.1767361990264,28.2870072786368,28.3964266661085
54,21.8961031857146,21.9618022724095,22.0334218707571,22.099923557992,22.1593647520216,22.2789126231066,22.3983375612523,22.517647743162,22.6368056280904,22.7558576924525,22.8747752343909,22.9935822103693,23.1122381250728,23.2307562257166,23.3491362527328,23.467357499617,23.5853554006076,23.7031707415659,23.8208262876196,23.9382884238126,24.0555456839397,24.1726414744588,24.2895090827851,24.4061867768421,24.5226217033818,24.6388537368043,24.7548937654409,24.8706568374718,24.9862099633837,25.1014843234618,25.2165276599967,25.3312989234863,25.4458397337366,25.5601165994166,25.6741352203704,25.7878813319074,25.9013788134035,26.014614105783,26.1275330225031,26.2401847473736,26.3525270541371,26.4645486667564,26.5762654508805,26.687628186655,26.7987297290517,26.9095362510969,27.0200295251697,27.1301278621737,27.2397464471591,27.3488012097164,27.4571801806085
55,21.1086289971876,21.1794940109588,21.2531081233273,21.3236596376454,21.3892523415893,21.4478440552847,21.564666998852,21.681389810708,21.797988819566,21.9144846781158,22.030863627408,22.1471552886225,22.2633184261666,22.3793739697114,22.495323041968,22.6111417681353,22.7267654459911,22.8422285695993,22.9575383775992,23.0726788940459,23.1876342075538,23.3024476602634,23.4170617064641,23.5315087687384,23.6457324272042,23.7597719780615,23.8736472416493,23.9872711779545,24.1007047027431,24.2138892757671,24.3268555280449,24.4395779599773,24.5520826756001,24.664344936575,24.7763665136507,24.8881301351678,24.9996648830817,25.1109702617317,25.2219937327766,25.3327604478212,25.443252786716,25.5534536085775,25.6633651036019,25.7729297991658,25.8822399770252,25.9912790596727,26.1000267801553,26.2084645266294,26.316516184761,26.4241290557854,26.531213241395
56,20.3442643168496,20.4114159687259,20.4850218453996,20.5575266867779,20.6270906883732,20.6917243935593,20.7494353662418,20.8635028347692,20.977477352073,21.0913525935598,21.2051277219588,21.3188290155668,21.432423573053,21.5459347664676,21.6593678125332,21.7726967816131,21.8858671488598,21.9988997133412,22.1117850009912,22.2245261876718,22.3371028998262,22.4495500004786,22.5618275745993,22.6739617688497,22.7858918661375,22.8976523203787,23.0092721489952,23.1206694408156,23.2318932300989,23.3428992078697,23.4536984294043,23.5642868516909,23.6746705105684,23.7848321121279,23.8947691931552,24.0044657300677,24.1139408111296,24.2232165439255,24.3322514782194,24.441034176143,24.5495754989116,24.6578581801771,24.7658751667103,24.8735598239437,24.9809905999221,25.0881661017118,25.1950732710866,25.301699751145,25.4080107613188,25.5139867502835,25.6195539102723
57,19.5918189385193,19.659078142246,19.7308766018256,19.8033793422048,19.8748607787431,19.9433955235958,20.0070478983205,20.0638537868193,20.1751510707975,20.2863578600522,20.3974812980345,20.5085414896697,20.6195118489139,20.7304148650132,20.841265432746,20.9520344066492,21.0626816955276,21.173217707413,21.2836162853854,21.3938939702178,21.5040285250604,21.6140447333656,21.7239175087075,21.8336697942581,21.9432377095956,22.0526497708863,22.161937346093,22.2710335026944,22.3799694740537,22.4887209122174,22.5972757408869,22.7056539130703,22.8138433296513,22.9218301976667,23.0296065237894,23.1371624266812,23.2445006754947,23.3516607722284,23.4586207680998,23.5653347639074,23.6718362199486,23.7781105658441,23.8841447962763,23.9898738592428,24.0953493927842,24.2005792433938,24.305561632892,24.4102906953048,24.514719214073,24.6188928717722,24.7227547266972
58,18.8595918471899,18.9230280005629,18.9915773155433,19.062325588955,19.1338136892266,19.2042356963641,19.2717230987711,19.3343577131551,19.3902701716859,19.498774218214,19.6072147061539,19.7156002466267,19.8239122439142,19.9321650026457,20.0403827435505,20.1485408869822,20.256610547198,20.3645932136596,20.4724591718639,20.5802244624073,20.6878651826258,20.7954018080093,20.9028183343716,21.0101327568942,21.1172838330112,21.2242932369448,21.3311912439712,21.4379238111797,21.544510871429,21.6509413929827,21.7571914601271,21.8632940270268,21.9692260122562,22.0749759277265,22.1805305099943,22.2858824580431,22.3910224963597,22.4959998589236,22.6008099387586,22.705385180163,22.8097718845994,22.9139587477663,23.0179317486822,23.1216315400459,23.2250868142878,23.3283037664875,23.4312910002128,23.534047489866,23.636520050383,23.7387574589356,23.8407587969059
59,18.1461570741006,18.2031279588669,18.2671910785901,18.3347838324701,18.4045706968002,18.475009492531,18.5443506357608,18.6107474413673,18.6723701872222,18.7273667698003,18.8331046672906,18.9387967013108,19.0444288589623,19.1500104354564,19.2555635408517,19.3610751998595,19.4665287372005,19.571914925615,19.6772130235133,19.7824303270403,19.8875380883842,19.9925590147153,20.0974795520833,20.2023144241969,20.3070060402625,20.4115721062176,20.5160388607176,20.620361253518,20.7245526010514,20.8286089760667,20.9325058775954,21.036281096371,21.1399030307776,21.243362368728,21.3466475861858,21.4497451788602,21.5526389134829,21.6553800380101,21.7579803168276,21.8603639874916,21.9625741720802,22.0646058449761,22.1664510091574,22.2680570125486,22.3694320136641,22.4705807478807,22.5715154292559,22.6722369082141,22.772692952285,22.8729273493468,22.9729465164837
60,17.450443082355,17.4994080124854,17.5579166069247,17.6211548075786,17.6878789113132,17.7566667454232,17.8260261175053,17.8942443317043,17.9595414827337,18.0201197649557,18.0742431170772,18.1772292141768,18.2801688782104,18.3830660810298,18.4859392861339,18.5887818839009,18.6915900743796,18.7943479990901,18.8970499520201,18.9996892103345,19.1022338081366,19.2047103078576,19.3071027229735,19.4094234866209,19.5116223306782,19.6137115976544,19.7157143601817,19.817590668268,19.9193508233979,20.0209897919549,20.1224932217303,20.2238962997406,20.3251647972679,20.4262865526081,20.5272585384705,20.6280604280475,20.7286687780472,20.8291298785,20.929469292161,21.0296188107702,21.1296042091154,21.2294225512019,21.3290805143717,21.4285348908335,21.5277756498472,21.6268028501215,21.7256352734561,21.8242684400043,21.9226563640334,22.0208307681213,22.1188096481862
61,16.7784527263624,16.8123430990671,16.8644193494415,16.9222709436965,16.9847711339869,17.0505823716817,17.118329479447,17.1865737560604,17.2536389994893,17.3178005064476,17.3773717552084,17.4306286236889,17.5308635505353,17.6310656490075,17.7312462161448,17.8314067168168,17.9315470611376,18.0316487646539,18.1317279012247,18.2317605643308,18.3317127197275,18.4316177606392,18.5314521957847,18.6312268547921,18.7309006847248,18.8304825127386,18.9299895233706,19.0293874443588,19.128684855809,19.2278701237657,19.3269421270155,19.4259310554133,19.5248041730029,19.6235454936436,19.7221601930409,19.82062391131,19.9189106009334,20.0170530751418,20.1150853398534,20.212958121047,20.3106761700917,20.4082328294042,20.5056481346447,20.6028935874509,20.6999475277719,20.7968013863778,20.8934789712092,20.9899735142107,21.0862449185383,21.1823078508468,21.2781921065711
62,16.1038553854741,16.142159734031,16.1879073373044,16.239529311604,16.2968108154492,16.3585195473475,16.4233641936356,16.4900421526343,16.557118422155,16.6229940132681,16.6860474599314,16.7445936427554,16.7969942945738,16.8944843570713,16.9919567662373,17.0894173487781,17.1868702367948,17.2842888226667,17.3817117102411,17.4791050984925,17.5764323327651,17.6737321590496,17.7709750343243,17.8681689705695,17.9652814649791,18.0623194738681,18.1592952017618,18.2561778452169,18.3529772410009,18.4496718793407,18.5462732839354,18.6428027180058,18.7392353981885,18.8355499241273,18.9317598899879,19.0278376666382,19.1237582309211,19.2195424097266,19.3152213433925,19.4107696024839,19.5061732044018,19.6014216193297,19.6965423143062,19.7915182069299,19.8863274737996,19.9809527844776,20.0754191971824,20.1697169010886,20.263820052994,20.357719580041,20.4514534199779
63,15.4345681567398,15.4868970253972,15.52945731952,15.5749620012494,15.6262190460274,15.6828668306544,15.7437212872815,15.8075744944475,15.8731105078455,15.9389800944187,16.0036787675594,16.0655811348552,16.1230993719012,16.1746614492697,16.2693986509266,16.3641306793588,16.4588647287065,16.5535703556243,16.6482931987418,16.743001942318,16.8376627059953,16.9323120893712,17.0269177164391,17.1214871612765,17.2159926179589,17.3104390356668,17.4048348185914,17.4991557690969,17.5934092293482,17.6875682687026,17.7816500828178,17.8756677246997,17.9696051967523,18.0634379913837,18.1571842279352,18.2508195843558,18.344316638369,18.43769046691,18.5309635612068,18.6241286171872,18.7171604639007,18.8100455610427,18.9028147279445,18.9954561607487,19.0879531520534,19.1802842321589,19.2724741477564,19.3645077773681,19.4563758524106,19.548052866677,19.6395726933957
64,14.8152901155622,14.8411983840231,14.8839520700604,14.9262964769251,14.9715646898359,15.0223080421379,15.0781922089844,15.138108711138,15.200838395107,15.2651443662022,15.3297596938908,15.3931723747029,15.4538588030765,15.510291561033,15.5609636551588,15.6529546399344,15.7449557899587,15.8369360760695,15.9289362387945,16.0209335501406,16.1129035935735,16.2048746318344,16.296814944298,16.3887329359333,16.4806042060516,16.5724289122585,16.6642117103108,16.7559396190888,16.8476157149793,16.9392105186284,17.0307405964907,17.1222117873361,17.2136192509368,17.304933556035,17.3961736500613,17.4873260753519,17.5783591455582,17.6692859422859,17.7601153791138,17.8508537792031,17.9414730674887,18.0319575974545,18.1223349109612,18.2125963044026,18.3027344924329,18.3927224411131,18.482585657472,18.5723050013717,18.661886254772,18.751293658817,18.8405518670491
65,14.1550180328491,14.2038154846953,14.2496247974012,14.2920664675346,14.3341967316563,14.3790650856482,14.4291629324587,14.4841851973587,14.5430302375814,14.60453839826,14.6675510070169,14.7307904279381,14.7928460259623,14.8522502971151,14.9075398755093,14.9572652580104,15.0465072411506,15.1357377010355,15.224983097492,15.3142349542602,15.4034789689775,15.4927330355265,15.5819691570303,15.6711976967295,15.7603958957365,15.8495593312717,15.9386865532462,16.0277774585357,16.1168317918321,16.2058220744566,16.294757035705,16.3836375564895,16.4724699967722,16.5612214033833,16.6499046417396,16.7385222991432,16.827039531704,16.9154714855739,17.0038092649447,17.092065919978,17.1802202614395,17.2682563798875,17.3561932703667,17.4440199595049,17.5317448272147,17.6193352991043,17.7068126895016,17.794157363714,17.8813903912982,17.9684699757522,18.0554065337104
66,13.5207300067365,13.5736710942458,13.6248772339357,13.6701673285091,13.7122957836873,13.7540369874357,13.7983768648397,13.8477126601086,13.9017473409744,13.9594111930798,14.0196206324181,14.0812117468857,14.1429991737445,14.2036247229349,14.2616847858554,14.3157618660069,14.3644905818391,14.4509373466797,14.5373909514988,14.6238574211282,14.710334919963,14.7968268665827,14.8833128294017,14.9698058399533,15.0562845469426,15.1427393006942,15.2291635242864,15.3155670162755,15.4019466116734,15.488281419435,15.5745707591379,15.6608096473987,15.7470153617091,15.8331520281295,15.91922502905,16.0052502475683,16.0911921166013,16.1770716070044,16.2628629084114,16.3485779032508,16.4342060415818,16.519736495344,16.6051773699044,16.6905111352308,16.7757613290233,16.8608946061444,16.9459247025622,17.0308293475027,17.115645020756,17.2003309675531,17.2848792369852
67,12.8848090957491,12.9504885433574,13.0082088367922,13.0585886037936,13.1033560808833,13.1449882328364,13.1862171957235,13.2298939740912,13.2783553760462,13.3312822160432,13.3876765994603,13.4464592171242,13.506549482589,13.5668085669119,13.6259395291121,13.6825746940895,13.7353850884822,13.7830366246533,13.8666598263935,13.9502999721869,14.0339667757013,14.1176510737884,14.2013383991482,14.2850454642673,14.3687540647389,14.4524494315075,14.5361204844223,14.6197848271964,14.7034343804624,14.7870569362004,14.8706443011776,14.95418844734,15.0377120537014,15.1211786906373,15.2045861552716,15.2879612018614,15.3712665190965,15.4545295923321,15.5377147881694,15.6208271945007,15.7038662489312,15.7868272971856,15.869711246248,15.9524921639777,16.0352050154818,16.1178173161194,16.2003369055915,16.2827382333449,16.3650651719409,16.4472860785203,16.5293771556265
68,12.2801369151059,12.3365431466101,12.398801944962,12.4553266605557,12.5048751332971,12.548933432479,12.5899509469048,12.6305188113356,12.6734346300787,12.7208952877172,12.7726186972267,12.8276222496307,12.8848974747756,12.9434115701254,13.0020766127569,13.0596260959376,13.1147801663033,13.1662443518769,13.2127473318898,13.2935229964722,13.3743361655549,13.4551691348187,13.5360134968064,13.6168849685009,13.697772549154,13.7786585266064,13.8595287803365,13.9404032162993,14.021271088302,14.102125161718,14.1829539552067,14.2637501135139,14.3445376045931,14.4252787288998,14.5059681234326,14.5866362511103,14.6672485645746,14.7478312925428,14.8283499802929,14.9088009694208,14.9891905982789,15.0695193949154,15.1497836810008,15.2299525184762,15.3100662634208,15.3900956932828,15.4700416168606,15.5498795693228,15.6296516084618,15.7093362819419,15.7889018030534
69,11.6727891800446,11.7339689380363,11.7983562330372,11.8591055283612,11.9144288828563,11.962961820283,12.0061941952596,12.0464412206679,12.0862597004769,12.1282885724006,12.1746490178412,12.2250596583972,12.2785913758114,12.3342888119051,12.3911594913276,12.4481449079244,12.5040562128186,12.557651327375,12.6076948103113,12.653009253156,12.730930139121,12.8088737535439,12.8868360194658,12.964828794421,13.0428485423179,13.1208785367949,13.1989054760473,13.2769447059989,13.3549840881344,13.433019387381,13.5110381385028,13.58903715572,13.6670370084424,13.7450012123682,13.8229248940135,13.9008342842284,13.9787017146021,14.0565461050065,14.1343423909291,14.2120781132281,14.289762808723,14.3674008912227,14.4449873862962,14.5224881521513,14.5999436044942,14.677331553182,14.7546457248589,14.8318642959459,14.9090211692809,14.9861054295333,15.0630823774027
70,11.0844943232661,11.1446262172609,11.2090590632014,11.2716999315767,11.3309303655516,11.3848723528699,11.4322675158531,11.4745160370441,11.5139036437646,11.5528506744009,11.593887980637,11.6390499578627,11.6880624555204,11.7400556723485,11.7941017669175,11.8492481063315,11.9044926378438,11.9586859884554,12.0106521743116,12.0592351592079,12.1033271330277,12.1783446794294,12.2533881000488,12.3284618617027,12.4035705124018,12.4786989190865,12.5538399082931,12.6290008115062,12.7041675992884,12.7793362937787,12.8544968856672,12.9296513514193,13.0048136627949,13.0799496038488,13.1550605645981,13.2301622190464,13.3052348616824,13.3802859974881,13.4553064559907,13.5302753769758,13.6052020709597,13.6800933233633,13.7549457130574,13.8297247334695,13.9044640711741,13.9791520577445,14.0537773347106,14.1283227861137,14.2028070566913,14.2772304875171,14.3515604387101
71,10.5202215994254,10.5703457853702,10.6330422890745,10.6955603533188,10.7564374100838,10.8139720174802,10.8663974630011,10.9124965162547,10.9536617129933,10.9920724591466,11.0300354662836,11.0699906986954,11.1138601201255,11.161408050633,11.211777805443,11.2640963501973,11.3174470448327,11.3708645138985,11.4232768218332,11.4735644556379,11.520644917346,11.563436630796,11.6355201357688,11.7076328428873,11.7797849505256,11.851964437286,11.924171260134,11.9964056600486,12.0686530411929,12.1409062090658,12.2131579670302,12.2854176461326,12.3576900417047,12.4299439151966,12.5021889780145,12.5744308427101,12.6466564447871,12.7188588785475,12.7910472065846,12.8631952129039,12.9353089402932,13.007395604978,13.0794552709374,13.1514558708738,13.2234206100499,13.2953472445063,13.3672224562781,13.4390368522298,13.5107908823124,13.5824924335918,13.6541157681066
72,9.95524839359413,10.0127913666398,10.0724725426849,10.1331460366424,10.1937185967842,10.2526536304761,10.3083379704212,10.3590861528883,10.4037705879812,10.4437370112998,10.4810470371937,10.5179379380702,10.5567049185853,10.5992111975597,10.6451944092636,10.6938665472801,10.7443708437153,10.7958293642522,10.8473608319305,10.8979242280556,10.9464774582205,10.9919703086239,11.0334055846455,11.1025060944934,11.1716486056241,11.2408234938297,11.3100389248418,11.3792872547476,11.4485575289214,11.517839047568,11.5871244412384,11.6564293868341,11.7257518262478,11.7950626690523,11.8643790325368,11.9336986425327,12.0030159130232,12.0723090518473,12.1416013518406,12.2108657300556,12.2801040812865,12.34932187225,12.4185231139089,12.4876808874203,12.5568059056392,12.6259045689909,12.6949608289386,12.7639761189934,12.8329353530763,12.9018498242604,12.9707005724534
73,9.42877586540684,9.47299915710156,9.52944416900046,9.58703404306583,9.64563441124051,9.70407422544804,9.76088782045783,9.81455318167237,9.86347932941466,9.9066286686931,9.94525672952617,9.98137271286033,10.0170699733721,10.054568360341,10.0955939387135,10.1399348434211,10.1868023135811,10.2353822738959,10.2848855426572,10.3344383078228,10.3830776837383,10.429799743015,10.4736367167651,10.513630776848,10.5796945825019,10.6457942213764,10.7119440549718,10.7781309166587,10.84434807123,10.9105853387994,10.9768328285007,11.0431080102279,11.1094048707825,11.1756983921838,11.2420077456299,11.3083280115903,11.3746581036575,11.4409688070672,11.5072880342648,11.5735917565749,11.6398778488891,11.7061496035776,11.7724140071778,11.8386509741696,11.9048591993605,11.9710510938257,12.0372086742727,12.1033422863518,12.1694285450817,12.2354791296982,12.3014805327871
74,8.9040445563981,8.95058268459696,9.00377198997528,9.0580273794833,9.1134347670875,9.16974142225876,9.22582509537633,9.28031393281591,9.33176055463344,9.37869505561766,9.42010465634254,9.45723382004403,9.491959341592,9.52630884248191,9.56235105304461,9.60176300333457,9.64429359112079,9.68919956218566,9.73574823585064,9.78315024917745,9.8306011462237,9.8771753839874,9.92194814546939,9.96398639390408,10.0024130025905,10.0653615168322,10.128366090873,10.1914103602217,10.2544935947961,10.3176078657684,10.3807403561954,10.4439064545552,10.5070989119312,10.5702972332991,10.6335176451386,10.6967582287595,10.7600183476069,10.823269404601,10.8865356436134,10.9497992257726,11.0130534894328,11.0762994057569,11.139546573342,11.2027828240848,11.2659963415675,11.3292022489786,11.3923807799327,11.4555495034733,11.5186831686068,11.5817914003152,11.644865314315
75,8.39444704318182,8.44628739277712,8.4961865938333,8.54707353924782,8.59903539427093,8.65203085056683,8.70581073146809,8.75933335737727,8.81128941409692,8.86034708050323,8.90508507101927,8.94459132693546,8.98002095663331,9.01318990322382,9.04599464677634,9.0804359625425,9.11804939368311,9.15860685091779,9.20142879185517,9.24578725393166,9.29095493532892,9.33615690477837,9.38054219112013,9.42322054878493,9.46333067689665,9.50003603639022,9.5598077482647,9.61962038469345,9.6794799394775,9.73938380342576,9.79931451934386,9.85928374429149,9.91928526059204,9.97930333833496,10.0393462440446,10.0994193598351,10.1595199944928,10.2196257001983,10.2797516011824,10.3398881068496,10.4000245702237,10.4601583840302,10.5203013119443,10.5804499391151,10.6405845441899,10.7007200714167,10.7608345587032,10.8209500145179,10.8810456669364,10.9411268034123,11.0011882599021
76,7.92586432062777,7.96046388952838,8.00703870674508,8.05452455128274,8.10300955965071,8.15245310299349,8.20281217843083,8.25387144262023,8.30463493455602,8.35389879645384,8.40037963139598,8.44277020293511,8.48018890943307,8.51375775050352,8.54518465776995,8.57630224402772,8.60895792500201,8.64461928136329,8.68307371483763,8.72365787119962,8.76569743060452,8.80848982951988,8.85132563920157,8.89339004947704,8.93385184620974,8.97189320478636,9.00675292573693,9.06325167875014,9.11980358139295,9.17641332697457,9.23306020895794,9.28974943112123,9.34647807605926,9.40323563972427,9.46001964564801,9.51684305091185,9.57370055450471,9.63057955102261,9.68748287435684,9.74440980645598,9.80134726124516,9.85828875374783,9.9152462631722,9.97222484305347,10.029200311807,10.0861862456005,10.1431583900547,10.200139132694,10.2571158216408,10.3140900845638,10.3710584184083
77,7.4558552658997,7.49298386285817,7.53621827609367,7.58028937528473,7.6252860933164,7.67116664266983,7.71789708689753,7.76545298308413,7.81362309991308,7.86149418671323,7.90791361574854,7.95169621667437,7.99159351150275,8.02678912378281,8.05834544614791,8.08790846335233,8.11717635266434,8.14791880373023,8.18150380718475,8.21772526508992,8.25596296151711,8.29556378760972,8.33588457162432,8.37625161488745,8.41589367453822,8.45402585110233,8.48990050883897,8.5227714766289,8.57595432166843,8.6292064679225,8.68250647722084,8.73585355823179,8.78924700481502,8.84268262830986,8.8961472167089,8.94965989186434,9.00321118017308,9.05680063377015,9.11041893083235,9.16407229017154,9.21774784646172,9.27143556674199,9.3251463500188,9.37889090853874,9.43264406010524,9.48641801621628,9.54018790238976,9.59397236132578,9.64776711871791,9.70157104730714,9.75538269595501
78,7.0110999746964,7.04313492523601,7.08305208315505,7.12373579330068,7.16527395017087,7.20762347528034,7.25075800008312,7.29465667497256,7.33929216728192,7.38448584902406,7.42936890011245,7.47287244748699,7.51387025721804,7.55118967133397,7.58406854571579,7.6135337677417,7.64111815986093,7.66845582607745,7.6971858473989,7.72860799290474,7.76252499954144,7.79833586831702,7.83543962047793,7.87323274943187,7.91106716484797,7.94821822285697,7.98396601446643,8.01758003240383,8.0483946393062,8.09826516900225,8.14819314691322,8.19817391661172,8.24820810429327,8.29829641267426,8.34841849322651,8.39859641350101,8.44881712793326,8.49908941454464,8.54939651942249,8.59974762449585,8.65013284173846,8.7005397984098,8.75097724089898,8.80145820638466,8.85195880777462,8.90249030657897,8.95303000132956,9.00358995145135,9.05417253924649,9.10477453050949,9.15539595587749
79,6.58563724938298,6.60962482273039,6.64630696577038,6.6836897816099,6.72185951292088,6.76077153034226,6.80040497532813,6.84074207673168,6.88176201991284,6.92345410721981,6.96564920273448,7.00754106144284,7.04811759287993,7.08631755351448,7.12104357403686,7.1515922543577,7.17892236373199,7.20451276924067,7.22986918522778,7.25655944269521,7.2857978729563,7.31738563940993,7.35076345062871,7.38537376581765,7.42062819566258,7.45591973069328,7.49058280619482,7.5239181528071,7.55526805344266,7.58401703749264,7.63060280037606,7.67724733194986,7.72395125924865,7.77071950679771,7.81752821549402,7.86439892296501,7.91131692850227,7.95829606568593,8.00531648690404,8.05238663923978,8.09950236218779,8.1466500694021,8.19383598585804,8.24107140705458,8.28833636155808,8.33564093479579,8.3829677209559,8.43032018414975,8.47770508834084,8.52511848074886,8.57256042365293
80,6.16097875838731,6.19101384226893,6.22459598759878,6.25881750920129,6.29376202805967,6.32938470994871,6.36566774953285,6.40259551957805,6.44015263229394,6.47833071013029,6.51712237530662,6.55637780623525,6.59533408388038,6.63303816626512,6.66849543749337,6.700679331063,6.72892472289722,6.75416544298912,6.77776210880009,6.80116468930797,6.8258369173914,6.85291629256568,6.88221251183094,6.91321156289048,6.94536479566249,6.97812126927484,7.01092420044658,7.04313176255069,7.07410561471791,7.1032387923488,7.12992874901249,7.17331802089874,7.21677109498486,7.26029583110315,7.30386899679997,7.34750876358349,7.39120001897223,7.43495883874987,7.47876527224097,7.52262370256762,7.56653738300518,7.6104931789177,7.65449479248166,7.69854878324042,7.74263986604366,7.78677764978564,7.83095161808806,7.87515661054547,7.91940121521641,7.96368181943131,8.00799800508989
81,5.76437746217103,5.7858265113082,5.81648124405779,5.84771942100941,5.87962073771643,5.91214140297827,5.94526569930867,5.97897875179546,6.01326913043275,6.04813110018183,6.0835609616276,6.11955903227042,6.15598086477365,6.19211141659923,6.22705337680307,6.25987268219753,6.28960481995032,6.31564434855958,6.33884358372009,6.36051872569595,6.38202191407317,6.40473729705056,6.42972414261718,6.45681784715718,6.48550935502629,6.51528335264914,6.54563410245565,6.57602849596641,6.60587071480694,6.63457263131251,6.66154391832968,6.68622771855892,6.72655054765783,6.76694931728204,6.80740392229089,6.84792863028584,6.88850856043239,6.92915934559552,6.96986395246282,7.01062026341573,7.05143832709112,7.09230716849047,7.13322889967351,7.17420384466361,7.2152211922832,7.25628961398444,7.29740688632457,7.33855998873952,7.37975795737294,7.4209974390059,7.46227749140146
82,5.35880748526286,5.39250982259103,5.42045420181644,5.4489080828479,5.47797025185842,5.50759910781908,5.53778016258246,5.56849890502831,5.59974614922067,5.63151813464563,5.66381407120112,5.69663612308326,5.72997993332041,5.76371794924855,5.79717169491859,5.82949594580861,5.85981734549834,5.88723710586397,5.91116171844761,5.93242636484236,5.95225841520535,5.97194931139514,5.99278761037675,6.0157878049384,6.04077002412381,6.06725334298373,6.09476328872724,6.12282030109285,6.15091981165304,6.17851326475583,6.20503337928322,6.22993001224911,6.25268455391259,6.29010539333072,6.32758784049362,6.36514205823377,6.4027549893594,6.44043952068158,6.47818302506922,6.51597709828241,6.55383607700642,6.59175130388281,6.62972511711228,6.66775208107286,6.70582493696102,6.74395088178123,6.78213468871269,6.82035883690628,6.85863115823583,6.89694896166217,6.93531028326352
83,4.99077447499728,5.00932836221754,5.03487379684594,5.0607664956217,5.08719622138042,5.11414753822624,5.14160638638828,5.1695580259147,5.19799487596135,5.22691354252261,5.25631524205963,5.28620346815176,5.31657421654688,5.34743533140522,5.37865916367107,5.40960473607162,5.43948385462958,5.46747364721308,5.49270839794928,5.51465000194746,5.53407434994458,5.55216524016352,5.57012521894223,5.58919024452614,5.61029627495561,5.63326979648634,5.65766544281905,5.683036310687,5.70892003220537,5.73485192237124,5.76030664857772,5.78475099409361,5.80766865125495,5.82858562864061,5.8632596272542,5.89800541098682,5.93281198375814,5.96768938537989,6.0026293339125,6.03761885571025,6.07267353743425,6.10778629549295,6.14296062786851,6.17818802299442,6.21346344203066,6.24879216903909,6.284183141069,6.31961784143875,6.35510289106042,6.39063538009899,6.42621332391717
84,4.62952139361914,4.64874160226716,4.67217461283289,4.69578988669407,4.71978558586257,4.74423558944333,4.76914839937408,4.79450917218926,4.82031205756495,4.84655369696794,4.87323686189124,4.90036566844015,4.92793747416966,4.95596170648077,4.98443776536749,5.01324618829576,5.04179450815004,5.06933696401517,5.09508900946896,5.11824834894178,5.13829467803412,5.1559859367452,5.17242172090428,5.18875538705313,5.20613394761661,5.22543408331047,5.24649768151955,5.26890776756662,5.29223094802042,5.31604121559332,5.33989782426735,5.36330537806843,5.38576396911907,5.40680139694874,5.42595843714843,5.45799951956405,5.49010171030764,5.5222722280834,5.55450726021818,5.58679188417885,5.61913935841986,5.65154327614368,5.68400910063245,5.71652780888297,5.74909551579134,5.78171585864585,5.81439785798922,5.84712589668808,5.87990516996513,5.91273237778201,5.94560590897272
85,4.29215239149034,4.31186566441963,4.33281107218866,4.35441141075644,4.37623276138363,4.39836300516074,4.42089069845252,4.44382170828192,4.46715184796026,4.49087766563657,4.51500351610494,4.5395335015632,4.56446674047427,4.58981297457433,4.61557423950351,4.64175107109257,4.66824247168628,4.6944857802839,4.71977845759303,4.74338812203743,4.7645496004287,4.78279693180645,4.79882977477262,4.81370141323633,4.82848376230577,4.84425132793834,4.86182960583224,4.88107136529292,4.90157321437036,4.9229340637056,4.94475348669058,4.9666141358336,4.98805349869443,5.00861346680223,5.02784057703175,5.04531927596277,5.07481136952975,5.10436732009878,5.13398786954612,5.16365917682614,5.19338957238022,5.22317198695496,5.25301387150325,5.28290834246404,5.31285191651963,5.34284660855342,5.37289867173701,5.40299745611677,5.43314719188504,5.46334383337296,5.49358706389977
86,3.98095392501233,3.9981285982075,4.01750081542252,4.03657687052787,4.05646516737433,4.07651579508173,4.09682605707967,4.1174761917409,4.13848263718312,4.15984180707338,4.18155948183564,4.2036397558109,4.22608380988361,4.24890037496705,4.27209442586094,4.29566920300352,4.31963384035312,4.34388738633547,4.36790781111292,4.39103405572076,4.41257258437396,4.43182359248946,4.44834033203891,4.46279616213395,4.47617120570118,4.489469509159,4.50369861661883,4.5196305165012,4.53711815259387,4.5557858520678,4.57525886840508,4.59515667972716,4.61509256792221,4.63464148247853,4.65336693552954,4.67085680982694,4.68671627123281,4.71374480525451,4.74083553830314,4.76797847193423,4.79517636366157,4.8224204768872,4.84971915437233,4.87706903721573,4.90446756472469,4.93191511585598,4.95941307252277,4.98695701365414,5.01455001708766,5.04218765293974,5.06987114849767
87,3.68159449903007,3.70703276844146,3.7249804402563,3.74254970838631,3.75982873570419,3.77802441636468,3.79634145836762,3.81486848180888,3.83369140840992,3.85282451779367,3.87227456171202,3.89204561311331,3.91214157237602,3.93256942333095,3.95333653616517,3.97444924685885,3.99591554697522,4.01773772717574,4.0398328660053,4.06170474190524,4.0827327770533,4.10228067992643,4.11968769213182,4.13455009541284,4.1474936563039,4.15943619048414,4.17131642633354,4.18407347056737,4.19842153686914,4.21422181001209,4.23112404102957,4.24877131787238,4.26681435555543,4.28489669877138,4.3026157940271,4.319574952642,4.33538517038642,4.34968489883367,4.37432796082443,4.39902350102001,4.42376963132415,4.44855637754611,4.4733913864835,4.49827446466077,4.52320445051318,4.54818111630014,4.57320008873463,4.59826256053729,4.62337098929611,4.64852032012987,4.67371359139028
88,3.39254174241252,3.43730727890941,3.45395455574085,3.47015454515696,3.48598677672994,3.50154045582397,3.51807406229311,3.53468910217533,3.55147844311847,3.56851994353055,3.58583704473922,3.60343377305019,3.62131686245619,3.6394920590473,3.65796823015874,3.67675424135813,3.69585746350066,3.71527972091296,3.73503799128923,3.75504369912939,3.77483465450848,3.7938406281487,3.81146495050657,3.82710269382934,3.84037658528108,3.85187286109078,3.86244731747056,3.87297252711583,3.88431913919297,3.89714732733828,3.91132601008343,3.92652145827202,3.94240898601218,3.95866547195271,3.9749540353795,3.99091041289946,4.00616213094025,4.02035067292141,4.03315256763041,4.05548174673228,4.07785661424965,4.10026720276727,4.12271960998976,4.14521513485294,4.16775434730632,4.19033668668489,4.21295397877733,4.23561058192323,4.25830871044773,4.28104318916127,4.30381774968816
89,3.1405962741067,3.18691323480246,3.20236509808784,3.21731308383524,3.23183058180157,3.24599999499024,3.25990253361272,3.27480601352319,3.28976417332156,3.30486137993732,3.32017840063743,3.33573426585345,3.35153825480437,3.36759553852161,3.38391603959067,3.40051022565088,3.41738522864083,3.43454326601648,3.45200168738125,3.46976484804234,3.48775070077437,3.50553661831491,3.52259049211132,3.5383679464895,3.55230697481483,3.56406202296858,3.57417927553569,3.58345274324396,3.59268868841856,3.60269197518337,3.61406726792555,3.62668448310531,3.64024211276047,3.65443946026772,3.66897134664964,3.68353593619694,3.69779269147292,3.71139792503594,3.72403233582814,3.73539837949071,3.75548587423851,3.77560491092468,3.79575935552593,3.81595051240177,3.8361809081505,3.85644936742412,3.87674648574767,3.89707759586203,3.91744468777545,3.93784289600497,3.9582755733766
90,2.87410953034089,2.95356301490596,2.96790326308956,2.98169494659667,2.99500712479019,3.00791562574985,3.0204924328495,3.03281370212028,3.04612974365635,3.05947524735079,3.07293463540363,3.08657924460034,3.10043429953662,3.11450483889251,3.12880146988567,3.14333573062082,3.15811465971372,3.17314138246572,3.18843229259606,3.20399450904721,3.21983021805878,3.23586977258535,3.25171914722414,3.2668964911921,3.2808983894146,3.29320931558705,3.30351611052465,3.31232607937703,3.32036697456684,3.32838504986657,3.3371127998452,3.34709651929685,3.35822238566332,3.37021186461714,3.38278059087288,3.39565815316754,3.40856318532037,3.42118261530091,3.43321053345773,3.44435803512611,3.45434632742916,3.47225815445717,3.49019929652087,3.50816958420409,3.5261736453679,3.54420957735866,3.56226847941901,3.58035537254874,3.59847215600895,3.61661430334098,3.63478387791169
91,2.67817840683648,2.73476848462353,2.7480542180088,2.76075875032428,2.77294793818813,2.7846913358314,2.79605258517272,2.80710217231745,2.81791097338927,2.82967892904275,2.8414594210948,2.85332672034142,2.86535501501595,2.87756217868964,2.88995905258226,2.90255774399166,2.91536554365672,2.92838671123152,2.94163563117563,2.95512243233662,2.9688489544019,2.98282449655517,2.99697882855111,3.01096064407314,3.02432716120089,3.03661818707681,3.04736833707668,3.05629956824046,3.06386931253399,3.07075184446424,3.07761967855111,3.08513375970689,3.09379480091582,3.10349675229958,3.11397578014093,3.12498286830611,3.13626739111808,3.14757269935536,3.15861996852018,3.16913725975706,3.17885417668118,3.18752272882436,3.2033292644809,3.21915697707085,3.23501196561857,3.25089193178583,3.26678963492973,3.28270863247517,3.29865128232473,3.31461353093914,3.33059527510283
92,2.42848124194649,2.52766143925986,2.53989198154979,2.55154420456128,2.56265854146152,2.57329878698353,2.5835211127509,2.59339053582814,2.60296995597467,2.61232415413606,2.62258035348422,2.63283095482945,2.64315305828595,2.65360746558722,2.66421624831648,2.67499149622229,2.68594089402195,2.69707013465465,2.70839104381657,2.71991594562658,2.73164684233339,2.74359398173751,2.7557576482431,2.76808336614158,2.7802509041721,2.79185795521121,2.8024946667147,2.81174993379197,2.81936505989802,2.8257674237396,2.83155709769333,2.83733664048952,2.84370393189191,2.85110621744158,2.85943598804399,2.86846496879589,2.8779645287443,2.88770915578329,2.89747061072458,2.90700568853607,2.91606217375949,2.92440394216549,2.93181368874174,2.94556522916529,2.95933697632562,2.97312628786963,2.98692836809575,3.00074484078443,3.01457838106866,3.02842603562062,3.04228546347582
93,2.23097537349989,2.32866798128541,2.33972053347914,2.35028875084251,2.36033126229627,2.36988640216175,2.37900395312172,2.38774297108686,2.39615928712506,2.40431012422373,2.4122544640199,2.42101793506593,2.42977040251353,2.43857426067989,2.44748847999744,2.45653472908239,2.46572091856475,2.47505406509159,2.4845438312443,2.49420306869166,2.50403468118534,2.5140491950146,2.52424714322622,2.53463741482192,2.54516875427075,2.55555274831095,2.56543788607432,2.57446916117113,2.58227184111447,2.58863360518708,2.59392724591717,2.59868354269214,2.60343868303494,2.6087199251088,2.61490941083698,2.62191875495684,2.62954163023108,2.6375759920352,2.6458228959325,2.65408758735139,2.66214842884243,2.66978955393255,2.67680557305349,2.68300215687081,2.69473758930037,2.70648344549601,2.71823677091393,2.72999792193825,2.7417696138361,2.75354978811608,2.76533513714453
94,2.02578168564851,2.13263828706501,2.14234261997501,2.15166802428054,2.16056316206527,2.16899303246156,2.17698431543867,2.1845893749141,2.19185746635137,2.19883763699756,2.20558190044348,2.21213719967807,2.21941781572039,2.22667807360628,2.23397605686514,2.24136433914898,2.24885957626792,2.2564695013333,2.26420228743321,2.27206958490421,2.28007599655655,2.2882310348371,2.29653655396209,2.30499989995477,2.31362701999508,2.32236855210704,2.33098013757777,2.33916491324363,2.34660678732047,2.35299596510841,2.35814718576249,2.36238307468548,2.36616392073373,2.36995188451047,2.37419078293356,2.3792116321144,2.38493414048603,2.39118009020337,2.39777561981485,2.40455442162679,2.41134384083106,2.41795879010217,2.42421631735564,2.42993582684453,2.4349638625004,2.44468797606157,2.45441425659607,2.46414207543207,2.47387451640474,2.48361001314036,2.49334514188345
95,1.82120666608631,1.93116001406008,1.93930825082391,1.94717397799494,1.95471498572581,1.9618892970061,1.96866172234989,1.97506243767922,1.98113398998173,1.98691649557538,1.99245492455927,1.99778786982577,2.00296222765655,2.0087416663668,2.01449793631867,2.0202805488281,2.02613167373101,2.03206644186787,2.03809174265167,2.04421686475768,2.05044809062089,2.05679330246472,2.06325558776432,2.06984072861561,2.07655449760156,2.0833971190612,2.09033165142112,2.09715994661898,2.1036299608,2.10948842904676,2.11447991330085,2.1184538934049,2.12167929203136,2.12453738865467,2.12740377892354,2.13064379663444,2.13452576186112,2.13898141631772,2.1438647564739,2.1490343541335,2.15435035086096,2.15967363923123,2.16485526443064,2.16973928874989,2.17418873850204,2.17807502877735,2.18576780394389,2.19345673037869,2.20114487293421,2.20883163195287,2.21651391007527
96,1.60599800152399,1.70954969754256,1.71588878216408,1.72203357818023,1.7279515213419,1.73361079222344,1.73897453286768,1.74402097815803,1.74877376546256,1.75326327479143,1.75752635034351,1.76159275187985,1.76549869057406,1.76927752328915,1.77352272737591,1.77774551114409,1.78198363808327,1.78627070726694,1.79061833119986,1.79503232165512,1.79952012805064,1.80408733256787,1.80873825263044,1.81347645458321,1.81830751365444,1.82323198484444,1.82825326856315,1.83334403844246,1.83834986016551,1.84307946313398,1.84734177085224,1.85094253084693,1.85376944617657,1.85603014421275,1.85801540305229,1.86000975225312,1.86229015958216,1.86505697690404,1.86826020835568,1.87178689532637,1.87552838033652,1.87937849379915,1.88323555939642,1.88697977271298,1.89050095533119,1.89369439091152,1.89646343362977,1.90208638793862,1.90770450377671,1.91331772715595,1.91892458689815
97,1.36209704088469,1.44079349629407,1.44504590153348,1.44918380872116,1.45318517764935,1.45702917281943,1.46069173372441,1.46415165202418,1.46739522620682,1.47043486136762,1.47329724568028,1.47600222496551,1.47857431113705,1.48103626367747,1.48341099109611,1.48609387853969,1.48875832869596,1.49143065313847,1.49413309086289,1.49687200561047,1.49965415208041,1.50248269265211,1.50536215240749,1.50829439098508,1.51128338893953,1.51433044187464,1.51743811449238,1.52060770484249,1.52382212215297,1.526976795038,1.52994921027239,1.5326136407356,1.53484331295658,1.53656619302166,1.53792167854816,1.53909824940779,1.54028317295841,1.54165455270982,1.54334629180089,1.54532216482535,1.54750843856018,1.54983219132916,1.55222889818663,1.55462559702809,1.55694888845399,1.55912770249652,1.5610932760136,1.56278272942162,1.56631506766315,1.56984103622323,1.57336045545825
98,1.01885092874917,1.07273549508064,1.07471371450211,1.0766454094766,1.07852030532666,1.08032865519734,1.08205983280746,1.0837035814645,1.08525183102096,1.08669451791886,1.08804267159014,1.08930508870553,1.09049359331838,1.09161911734978,1.09269235610391,1.09372397688358,1.09489611043008,1.09605815690001,1.09722362110422,1.09839985299119,1.09959359556586,1.10080507770378,1.10203780959415,1.10329211826375,1.1045703315746,1.1058727902671,1.10720187740997,1.10855664215375,1.10994039238173,1.11134181554327,1.11271588644262,1.11400610861877,1.1151559709692,1.11610740246077,1.11683115086867,1.11738827069781,1.11786621718701,1.11834705962063,1.11891469609889,1.11962623593052,1.12046687570468,1.12140019637579,1.12239752292276,1.12342546993385,1.12445273989051,1.12544749339907,1.12637691151715,1.1272097254092,1.12791974014156,1.12945142115491,1.13097870502148
99,0.500000000062815,0.500000000082333,0.499999999986075,0.500000000005505,0.499999999982844,0.499999999995255,0.499999999966564,0.499999999976268,0.500000000005428,0.499999999997331,0.499999999980441,0.500000000014899,0.499999999994186,0.500000000008582,0.499999999987205,0.499999999991379,0.499999999999625,0.499999999999195,0.50000000001402,0.499999999988803,0.500000000008292,0.500000000011576,0.50000000000294,0.499999999989234,0.5000000000062,0.499999999995784,0.500000000000512,0.500000000008152,0.50000000000034,0.500000000003564,0.500000000004368,0.499999999996026,0.500000000006023,0.500000000002492,0.499999999997481,0.499999999994088,0.50000000000751,0.499999999997347,0.499999999992277,0.499999999995702,0.499999999999378,0.500000000005803,0.4999999999983,0.499999999994243,0.500000000003261,0.50000000000331,0.499999999994626,0.500000000006765,0.500000000007191,0.499999999996297,0.500000000000104
