"","yr2010","yr2011","yr2012","yr2013","yr2014","yr2015","yr2016","yr2017","yr2018","yr2019","yr2020","yr2021","yr2022","yr2023","yr2024","yr2025","yr2026","yr2027","yr2028","yr2029","yr2030","yr2031","yr2032","yr2033","yr2034","yr2035","yr2036","yr2037","yr2038","yr2039","yr2040","yr2041","yr2042","yr2043","yr2044","yr2045","yr2046","yr2047","yr2048","yr2049","yr2050","yr2051","yr2052","yr2053","yr2054","yr2055","yr2056","yr2057","yr2058","yr2059","yr2060"
"pop_0",13268526,13402586,13531204,13651854,12481234,12576926,12671486,12764122,12851636,12933350,13005824,13065702,13113904,13154096,13189242,13220528,13247530,13269316,13286398,13301306,13315624,13330204,13347356,13368396,13394130,13424418,13458218,13494538,13533162,13574448,13618076,13663870,13712344,13763092,13816098,13870934,13926910,13983476,14039988,14095668,14150258,14203524,14255046,14304514,14351894,14397222,14440574,14482298,14522652,14562150,14601136
"pop_1",13182518,13316354,13450116,13578476,12417620,12530686,12626988,12722172,12815410,12903554,12985888,13058836,13119456,13168328,13209312,13245138,13277140,13304786,13327270,13345012,13360584,13375512,13390720,13408454,13430102,13456410,13487220,13521502,13558322,13597488,13639246,13683340,13729520,13778436,13829584,13883036,13938132,13994508,14051414,14108236,14164240,14219096,14272652,14324456,14374138,14421800,14467320,14510878,14552802,14593320,14632950
"pop_2",13105940,13233030,13366950,13500808,12446566,12466696,12580336,12677126,12772858,12866612,12955272,13037916,13111460,13172648,13222054,13263570,13300024,13332552,13360738,13383694,13401964,13418036,13433496,13449142,13467340,13489446,13516178,13547412,13582180,13619470,13659002,13701140,13745566,13792134,13841400,13892878,13946600,14001998,14058700,14115868,14172986,14229194,14284230,14338054,14390056,14439960,14487738,14533422,14577138,14619250,14659864
"pop_3",13048070,13162412,13289878,13424218,12550842,12489106,12509140,12623310,12720508,12816698,12910812,12999706,13082844,13156886,13218500,13268388,13310386,13347284,13380226,13408812,13432202,13450918,13467380,13483188,13499204,13517794,13540258,13567312,13598904,13634064,13671624,13711524,13753996,13798688,13845558,13895062,13946858,14000838,14056486,14113422,14170744,14228146,14284598,14339802,14393814,14446004,14496050,14543986,14589864,14633700,14675900
"pop_4",13013582,13112508,13227642,13355882,12518240,12586796,12525358,12545276,12659798,12757366,12853892,12948222,13037486,13121050,13195504,13257492,13307778,13350148,13387418,13420718,13449658,13473466,13492526,13509294,13525394,13541718,13560634,13583336,13610772,13642620,13678040,13715930,13756062,13798804,13843792,13890880,13940638,13992668,14046772,14102624,14159748,14217284,14274894,14331468,14386842,14440990,14493326,14543518,14591562,14637636,14681548
"pop_5",12998674,13084200,13184314,13300620,12508556,12550710,12618856,12557660,12577388,12692222,12790084,12886804,12981448,13071106,13154978,13229736,13292108,13342710,13385390,13422966,13456590,13485846,13509998,13529316,13546362,13562728,13579292,13598494,13621500,13649188,13681242,13716864,13754982,13795332,13838296,13883502,13930844,13980754,14032964,14087224,14143260,14200566,14258250,14316002,14372768,14428244,14482480,14534922,14585224,14633456,14679600
"pop_6",12981546,13072646,13159724,13261390,12911778,12539688,12581908,12649546,12588616,12608104,12723218,12821174,12918258,13013268,13103190,13187356,13262418,13325112,13375996,13418944,13456828,13490740,13520234,13544620,13564162,13581466,13598052,13614956,13634376,13657604,13685502,13717742,13753568,13791884,13832416,13875518,13920974,13968490,14018566,14070926,14125348,14181546,14238966,14296758,14354684,14411534,14467120,14521458,14573990,14624344,14672712
"pop_7",12907890,13058844,13151782,13240694,12979972,12942734,12571056,12613268,12680526,12619760,12639050,12754268,12852534,12949930,13045224,13135456,13219914,13295274,13358246,13409342,13452606,13490730,13524912,13554624,13579204,13598944,13616552,13633384,13650536,13670128,13693534,13721652,13754064,13790070,13828558,13869294,13912518,13958128,14005820,14055984,14108542,14163120,14219424,14276990,14334882,14392914,14449844,14505566,14559976,14612588,14663014
"pop_8",12897820,12988636,13141546,13236546,12870316,13011826,12974906,12603660,12645874,12712708,12652206,12671080,12786700,12885242,12982890,13078552,13169066,13253772,13329404,13392642,13443976,13487476,13525858,13560278,13590208,13615018,13635090,13652886,13669924,13687224,13707022,13730622,13758964,13791568,13827716,13866348,13907216,13950598,13996352,14044156,14094466,14147126,14201870,14258352,14316000,14373986,14432134,14489148,14544930,14599358,14652036
"pop_9",12971530,12981202,13074150,13229194,12814516,12902896,13044476,13007812,12636986,12679120,12745590,12685168,12703908,12819774,12918596,13016514,13112476,13203286,13288254,13364140,13427620,13479176,13522928,13561574,13596212,13626362,13651484,13671772,13689732,13706954,13724434,13744448,13768206,13796752,13829512,13865806,13904560,13945586,13989100,14034940,14082870,14133292,14186146,14241002,14297572,14355300,14413380,14471618,14528702,14584492,14638984
"pop_10",12600380,13060398,13072374,13167614,12823202,12847304,12935772,13077398,13040948,12670508,12712794,12779218,12719216,12738230,12854382,12953496,13051722,13147912,13238988,13324224,13400342,13464086,13515862,13559822,13598708,13633562,13664020,13689318,13709812,13728006,13745366,13763010,13783228,13807138,13835842,13868752,13905186,13944044,13985200,14028828,14074764,14122772,14173376,14226360,14281308,14337926,14395776,14453926,14512210,14569318,14625182
"pop_11",12561894,12696246,13158638,13173048,12714244,12855332,12879856,12968360,13110010,13073728,12703632,12746506,12812862,12753236,12772496,12889006,12988396,13086852,13183286,13274632,13360124,13436474,13500502,13552474,13596656,13635778,13670880,13701540,13726988,13747660,13766116,13783604,13801456,13821804,13845850,13874722,13907742,13944326,13983290,14024560,14068368,14114386,14162540,14213266,14266308,14321316,14378036,14435946,14494148,14552454,14609594
"pop_12",12528136,12664154,12801006,13265884,12653430,12745256,12887394,12912202,13000558,13142334,13106174,12736922,12780006,12846598,12787248,12806732,12923536,13023230,13121968,13218642,13310184,13395960,13472534,13536860,13589028,13633432,13672766,13708056,13738950,13764614,13785514,13804102,13821772,13839800,13860306,13884510,13913474,13946660,13983372,14022404,14063936,14107850,14153968,14202214,14253006,14306094,14361154,14417998,14475944,14534224,14592544
"pop_13",12622422,12634426,12773038,12912462,12971574,12685172,12777728,12920666,12945704,13033792,13175828,13140406,12771634,12815078,12881856,12822732,12842452,12959588,13059564,13158584,13255528,13347302,13433290,13510184,13574806,13627216,13671796,13711394,13746936,13778022,13803850,13824920,13843744,13861594,13879784,13900436,13924836,13953888,13987232,14024078,14063254,14104912,14148942,14195150,14243482,14294334,14347540,14402706,14459590,14517588,14575904
"pop_14",12907858,12729994,12744572,12885724,13184314,13007150,12721286,12814474,12958218,12983400,13071352,13214496,13179322,12811188,12854948,12921914,12863180,12883158,13000656,13100942,13200328,13297576,13389630,13475874,13553116,13617986,13670672,13715628,13755412,13791182,13822538,13848528,13869832,13888914,13906918,13925226,13946132,13970698,13999870,14033382,14070356,14109692,14151470,14195626,14241914,14290344,14341330,14394700,14449900,14506820,14564836
"pop_15",13089972,13011702,12836286,12853218,12967874,13228354,13052632,12767324,12861116,13005608,13031078,13119984,13263686,13228992,12861476,12905654,12972958,12914638,12934950,13052918,13153564,13253388,13351026,13443438,13530090,13607698,13672840,13725932,13771208,13811282,13847364,13879024,13905264,13926918,13946198,13964476,13983044,14004176,14028904,14058268,14091978,14129102,14168594,14210602,14254866,14301298,14349818,14400950,14454354,14509660,14566630
"pop_16",13249134,13186556,13110346,12937014,12975962,13027766,13288692,13114426,12829776,12924402,13069784,13096646,13186118,13330376,13296294,12929616,12974358,13042154,12984436,13005190,13123744,13224962,13325306,13423508,13516348,13603572,13681626,13747214,13800748,13846528,13886910,13923466,13955462,13982112,14004074,14023698,14042298,14061164,14082600,14107538,14137224,14171132,14208476,14248210,14290360,14334864,14381414,14430104,14481294,14534888,14590232
"pop_17",13527512,13340282,13279368,13204820,13014746,13056280,13109262,13370864,13198170,12914416,13010088,13157676,13185374,13275588,13420642,13387436,13021834,13067352,13135834,13078818,13100294,13219646,13321600,13422688,13521510,13615052,13702914,13781556,13847756,13901908,13948190,13989164,14026170,14058644,14085800,14108238,14128310,14147296,14166598,14188320,14213620,14243646,14277856,14315488,14355450,14397860,14442584,14489322,14538148,14589506,14643176
"pop_18",13726988,13609578,13423648,13363908,13165626,13116116,13159128,13213472,13475894,13304936,13022484,13120656,13269488,13298244,13389594,13535716,13503598,13139296,13185790,13255148,13199094,13221478,13341800,13444632,13546584,13646278,13740660,13829256,13908636,13975582,14030466,14077428,14119114,14156724,14189872,14217672,14240644,14261198,14280658,14300412,14322576,14348304,14378684,14413318,14451306,14491562,14534306,14579190,14626206,14675224,14726682
"pop_19",13958304,13785760,13669050,13483882,13492364,13283256,13235256,13279946,13335700,13599098,13430038,13150742,13250112,13400290,13430544,13523274,13670498,13639652,13276876,13324480,13394814,13339930,13363354,13484788,13588704,13691626,13792248,13887610,13977080,14057374,14125148,14180858,14228654,14271082,14309464,14343322,14371782,14395258,14416426,14436464,14456728,14479392,14505654,14536484,14571572,14609842,14650488,14693510,14738688,14785934,14835130
"pop_20",14004712,13997194,13824874,13708340,13789562,13618872,13412132,13365514,13411978,13469108,13733686,13568192,13290648,13391312,13543104,13574932,13669090,13817534,13788130,13426944,13475764,13547216,13493644,13518224,13640810,13745790,13849748,13951500,14047828,14138312,14219526,14288224,14344770,14393398,14436768,14475896,14510460,14539614,14563750,14585558,14606156,14627020,14650224,14677030,14708342,14743796,14782482,14823412,14866772,14912180,14959690
"pop_21",13578396,14032012,14024056,13851516,14029368,13921194,13751902,13547538,13502168,13550388,13609002,13876574,13713188,13437324,13539482,13692936,13726386,13822006,13971738,13943810,13584274,13634348,13706966,13654710,13680436,13804218,13910332,14015432,14118268,14215584,14307126,14389282,14458930,14516408,14565988,14610194,14650168,14685488,14715342,14740134,14762562,14783798,14805224,14829014,14856314,14888138,14924050,14963032,15004338,15048002,15093734
"pop_22",13302188,13610602,14062858,14054202,14374176,14160438,14054332,13886240,13684042,13640028,13689914,13751728,14020824,13859332,13585372,13689066,13844124,13879256,13976382,14127356,14100846,13743018,13794364,13868168,13817212,13844140,13969130,14076392,14182610,14286488,14384884,14477454,14560638,14631194,14689548,14740038,14785170,14825912,14862016,14892582,14918060,14941144,14962998,14985024,15009376,15037196,15069472,15105786,15145200,15186838,15230844
"pop_23",13087092,13355426,13662570,14113380,14565000,14500354,14289118,14184824,14017828,13817668,13774986,13828118,13891418,14162112,14002540,13730424,13835610,13992248,14029086,14127548,14279858,14254726,13898618,13951128,14026096,13976378,14004494,14130718,14239078,14346384,14451410,14550782,14644304,14728486,14799860,14859240,14910538,14956474,14998052,15034882,15066168,15092272,15116062,15138606,15161198,15186078,15214390,15247112,15283862,15323624,15365576
"pop_24",13128002,13148424,13415560,13721470,14517098,14685862,14622430,14413682,14310778,14144894,13946706,13906724,13961458,14026210,14298512,14140800,13870460,13977106,14135266,14173632,14273424,14426946,14403170,14048684,14102358,14178454,14129966,14159264,14286568,14395958,14504382,14610374,14710700,14805234,14890298,14962592,15022764,15074912,15121664,15163928,15201454,15233426,15260212,15284596,15307744,15330822,15356210,15385016,15418112,15455266,15495370
"pop_25",13084534,13192500,13212180,13478268,13943006,14629316,14800826,14738254,14531846,14430026,14265128,14070276,14031556,14087632,14153988,14427742,14271878,14003216,14111212,14270780,14310566,14411672,14566260,14543810,14190794,14245602,14322764,14275372,14305720,14434114,14544524,14653878,14760804,14862046,14957464,15043408,15116524,15177460,15230346,15277866,15320742,15358974,15391586,15418966,15443880,15467536,15491112,15516948,15546138,15579624,15617096
"pop_26",12979606,13154642,13261968,13281118,13600554,14049970,14736092,14909804,14847856,14643680,14542694,14379886,14186812,14149456,14206958,14274808,14549936,14395882,14128844,14238030,14398938,14440116,14542356,14698084,14676766,14325124,14381006,14459056,14412752,14444110,14573422,14684758,14794954,14902804,15004902,15101052,15187800,15261664,15323282,15376904,15424964,15468508,15507398,15540560,15568478,15593858,15617980,15641940,15668190,15697760,15731596
"pop_27",13140886,13054134,13228740,13335746,13355942,13699484,14151148,14836650,15012150,14950682,14748360,14649158,14487354,14295952,14260220,14319048,14388286,14664740,14512370,14246872,14357154,14519306,14561752,14665186,14821836,14801612,14451372,14508174,14587110,14541756,14574004,14704208,14816412,14927368,15036028,15138900,15235784,15323252,15397770,15459944,15514190,15562884,15606966,15646440,15680110,15708460,15734278,15758800,15783150,15809750,15839676
"pop_28",13161360,13217990,13131454,13306006,13392498,13449622,13793604,14246652,14931518,15108264,15047192,14847328,14749082,14588470,14398846,14364550,14424598,14495066,14772814,14622050,14357944,14469326,14632598,14676354,14780740,14938256,14919080,14570160,14627754,14707574,14663108,14696150,14827218,14940134,15051872,15161252,15264840,15362424,15450498,15525542,15588352,15643098,15692284,15736956,15776976,15811056,15839856,15866062,15890952,15915610,15942496
"pop_29",13299456,13238016,13295050,13209070,13451234,13478556,13538224,13882370,14336424,15020618,15198202,15138176,14939852,14842596,14683496,14495536,14462572,14523810,14595552,14874430,14725000,14462318,14574688,14739124,14783926,14889328,15047692,15029466,14681772,14740182,14820822,14777166,14810938,14942732,15056364,15168754,15278838,15383080,15481250,15569906,15645494,15708870,15764142,15813762,15858940,15899424,15933950,15963072,15989638,16014840,16039788
"pop_30",13201016,13375280,13314776,13372586,12976192,13529790,13558920,13620560,13964898,14419538,15103016,15281692,15222116,15025360,14929510,14771806,14585396,14553810,14616136,14689052,14968902,14820808,14559422,14672798,14838182,14883960,14990350,15149500,15132256,14785708,14844832,14926156,14883220,14917698,15050236,15164530,15277498,15388260,15493012,15591744,15680892,15757064,15820898,15876614,15926702,15972346,16013250,16048144,16077612,16104452,16129958
"pop_31",12679824,13275238,13450482,13391214,13148030,13048082,13601158,13631782,13694586,14038940,14493892,15177012,15356062,15297382,15102398,15007914,14851460,14666524,14636162,14699470,14773474,15054274,14907454,14647272,14761436,14927782,14974502,15081776,15241724,15225234,14879790,14939492,15021432,14979236,15014362,15147546,15262426,15375996,15487266,15592550,15691728,15781334,15858032,15922236,15978458,16028982,16074996,16116220,16151452,16181188,16208310
"pop_32",12341548,12748626,13344602,13520976,13116122,13208854,13111752,13664176,13696050,13759558,14103706,14559090,15241678,15421316,15363814,15170488,15077244,14921956,14738316,14709016,14773252,14848242,15129926,14984366,14725274,14840136,15007396,15054998,15163100,15323646,15307938,14963430,15023748,15106280,15064736,15100346,15234118,15349456,15463552,15575298,15681052,15780632,15870774,15947822,16012432,16069056,16119936,16166248,16207826,16243290,16273304
"pop_33",12071256,12403124,12811064,13407678,12954076,13171230,13262684,13167692,13719490,13752302,13816484,14160388,14615892,15298262,15478968,15422582,15230820,15138732,14984500,14802072,14773866,14838884,14914796,15197218,15052726,14794758,14910244,15078384,15126826,15235636,15396724,15381776,15038164,15099094,15182042,15141042,15177156,15311430,15427206,15541746,15653930,15760078,15860054,15950614,16028062,16092992,16149958,16201078,16247658,16289478,16325212
"pop_34",11889942,12125180,12458040,12866826,13260714,13003112,13221664,13311846,13218582,13769484,13803214,13867914,14211606,14667408,15350168,15531752,15476454,15286074,15195118,15041902,14860726,14833490,14899196,14976020,15259062,15115714,14858700,14974932,15143836,15193070,15302556,15464146,15449894,15107100,15168550,15251916,15211504,15248000,15382680,15498892,15613760,15726398,15832874,15933274,16024112,16101862,16167136,16224378,16275750,16322574,16364662
"pop_35",12065066,11935538,12171882,12505672,12384716,13302556,13048604,13267856,13356996,13265008,13814994,13849290,13914714,14258334,14715132,15398128,15580586,15526324,15337378,15247432,15095188,14915134,14888964,14955250,15032900,15316596,15174312,14918300,15035264,15204876,15254794,15364832,15526884,15513290,15171248,15233216,15316960,15277014,15314000,15449064,15565614,15680912,15793842,15900656,16001350,16092438,16170550,16236032,16293512,16345138,16392216
"pop_36",11780922,12101334,11973424,12210776,12125282,12424794,13340628,13089708,13309298,13397568,13306672,13855536,13890674,13956704,14300878,14758434,15441646,15624966,15571818,15384238,15295228,15143968,14965072,14939760,15006686,15085100,15369446,15228132,14973110,15090716,15260984,15311552,15422204,15584708,15571612,15230404,15292808,15376956,15337444,15374766,15510230,15627118,15742718,15855978,15963084,16064004,16155454,16233746,16299436,16357258,16409086
"pop_37",11991584,11810642,12131828,12005460,11966442,12159914,12460708,13374520,13126266,13346072,13433380,13343218,13891534,13927630,13994624,14339208,14797562,15480920,15665140,15612946,15426706,15338650,15188226,15010532,14986074,15053602,15132768,15417658,15277366,15023326,15141482,15312384,15363618,15474852,15637718,15625260,15284810,15347496,15432056,15392926,15430642,15566402,15683584,15799504,15913132,16020448,16121708,16213326,16291788,16357870,16415874
"pop_38",12482910,12015998,11836708,12158576,11620948,11997732,12191402,12492986,13405040,13158818,13378948,13464974,13376166,13924134,13961462,14029266,14374222,14833266,15516758,15701814,15650530,15465612,15378408,15228884,15052330,15028782,15096912,15176822,15462158,15322906,15069764,15188532,15360020,15411854,15523678,15686894,15674968,15335302,15398360,15483236,15444514,15482614,15618576,15736130,15852396,15966228,16073902,16175322,16267192,16345900,16412182
"pop_39",13111636,12500470,12035760,11858062,11992102,11649474,12025908,12219318,12521496,13431830,13187280,13407362,13492794,13405544,13953360,13991812,14060476,14405694,14865486,15548984,15734778,15684430,15500762,15414490,15265792,15090370,15067628,15136398,15216992,15502818,15364562,15112368,15231676,15403788,15456180,15568506,15732122,15720652,15381768,15445188,15530436,15492078,15530452,15666762,15784632,15901130,16015212,16123104,16224810,16316902,16395874
"pop_40",13395434,13120730,12512132,12049578,11569044,12014002,11673482,12049528,12242486,12545062,13453690,13210306,13430828,13516252,13430486,13978118,14017594,14087086,14432636,14893046,15576424,15763046,15713556,15531162,15445708,15297796,15123594,15101654,15171054,15252276,15538550,15401300,15150058,15269852,15442550,15495498,15608294,15772294,15761316,15423126,15486898,15572540,15534578,15573288,15709836,15827942,15944796,16059146,16167178,16269192,16361442
"pop_41",12688890,13396834,13123952,12517962,11706990,11586280,12030110,11691462,12067076,12259574,12562456,13468730,13227230,13448144,13533836,13449486,13996904,14037428,14107646,14453484,14914510,15597684,15785138,15736398,15555286,15470634,15323616,15150578,15129402,15199360,15281234,15567882,15431686,15181356,15301648,15474922,15528476,15641632,15805982,15795516,15458080,15522244,15608188,15570598,15609564,15746398,15864812,15981900,16096434,16204748,16306970
"pop_42",12334984,12686636,13393840,13122774,12252362,11716106,11597700,12040172,11703408,12078628,12270572,12573312,13477934,13238244,13459812,13545632,13462716,14009814,14051302,14122284,14468370,14929882,15612880,15801000,15753102,15573216,15489498,15343254,15171372,15150958,15221542,15304034,15591102,15455906,15206486,15327188,15501062,15555182,15668790,15833462,15823408,15486848,15551306,15637606,15600452,15639732,15776862,15895494,16012812,16127558,16236154
"pop_43",12287476,12329016,12680804,13387154,12951834,12255956,11720958,11604652,12045512,11710504,12085448,12276492,12579396,13482652,13244864,13466994,13553014,13471452,14018208,14060662,14132376,14478558,14940576,15623332,15812096,15764926,15586466,15503652,15358224,15187464,15167804,15239020,15322196,15609590,15475350,15226942,15348174,15522588,15577204,15691276,15856244,15846694,15510870,15575646,15662394,15625582,15665142,15802562,15921512,16039078,16153954
"pop_44",12603310,12276856,12319390,12671240,13167026,12949322,12256228,11722426,11608076,12047288,11713916,12088168,12278880,12582010,13484050,13248228,13470856,13557034,13476942,14023176,14066734,14139044,14485428,14947878,15630306,15819594,15773334,15596260,15514278,15369816,15200178,15181378,15253178,15336982,15624804,15491452,15244124,15365856,15540802,15595954,15710496,15875780,15866704,15531684,15596834,15683876,15647446,15687332,15825124,15944300,16062096
"pop_45",13391488,12586602,12262470,12305990,12458844,13158650,12943124,12252938,11720572,11607876,12045536,11713260,12087346,12278080,12581538,13482200,13248330,13471552,13557930,13479222,14024970,14069534,14142510,14488972,14951788,15633738,15823740,15778388,15602758,15521668,15378134,15209694,15191726,15264220,15348654,15636802,15504550,15258264,15380462,15555966,15611726,15726686,15892244,15883702,15549584,15614934,15702414,15666368,15706550,15844670,15964078
"pop_46",13496484,13366264,12565512,12243770,12184304,12448350,13146076,12932486,12245302,11714694,11603332,12039118,11708596,12082428,12273560,12577296,13476418,13244586,13468346,13554928,13477656,14022920,14068402,14142122,14488600,14951686,15633240,15823844,15779426,15605350,15525130,15382606,15215420,15198246,15271420,15356604,15645050,15513856,15268670,15391390,15567458,15623864,15739230,15905132,15897118,15563906,15629592,15717470,15681784,15722322,15860724
"pop_47",13419762,13464932,13336342,12539934,12157542,12167450,12432524,13128202,12916206,12232106,11703516,11592900,12027568,11698998,12072726,12264200,12568168,13465618,13235906,13460088,13546888,13471110,14015790,14062284,14136652,14483132,14946532,15627538,15818802,15775328,15602772,15523552,15382128,15216248,15199920,15273744,15359606,15648314,15518302,15274222,15397468,15574076,15631114,15746988,15913210,15905836,15573560,15639610,15727818,15692566,15733476
"pop_48",13439762,13382924,13429096,13302184,12391522,12135504,12144668,12410604,13104120,12893788,12212874,11685950,11576872,12010464,11684114,12057656,12249496,12553594,13449162,13221662,13446238,13533248,13459036,14002970,14050462,14125626,14472148,14935760,15616262,15808086,15765640,15594618,15516490,15376178,15211660,15196218,15270678,15357248,15646308,15517424,15274534,15398314,15575520,15633142,15749526,15916114,15909300,15578016,15644426,15733090,15698288
"pop_49",13490316,13396676,13341284,13388484,13123830,12360826,12107670,12116298,12382872,13074200,12865582,12187252,11663086,11555596,11988270,11664242,12037524,12229740,12534046,13427492,13202322,13427330,13514564,13441874,13984972,14033600,14109574,14456092,14919902,15599760,15792250,15750828,15581350,15504464,15365364,15202184,15187646,15262804,15350128,15639544,15511866,15270154,15394480,15572258,15630512,15747448,15914420,15908216,15578104,15644872,15733976
"pop_50",13742080,13441040,13349250,13295388,13315500,13082206,12324624,12074196,12082710,12349696,13038784,12831234,12156526,11635438,11529706,11961454,11639876,12012912,12205360,12509732,13400978,13178246,13403680,13491196,13420138,13962336,14012152,14088916,14435472,14899356,15578570,15771632,15731336,15563602,15487874,15350038,15188354,15174826,15250654,15338726,15628520,15502048,15261670,15386570,15564960,15623840,15741380,15908744,15903142,15574156,15641426
"pop_51",13173286,13686172,13388260,13298384,13277756,13265516,13034936,12282762,12035120,12043674,12310978,12996948,12791548,12120764,11602966,11499028,11929852,11610878,11983514,12176292,12480762,13369610,13149372,13375192,13463074,13393604,13935034,13986076,14063666,14410096,14874106,15552454,15746280,15707106,15541238,15466732,15330210,15170104,15157654,15234222,15323114,15613184,15488082,15249134,15374648,15553584,15613204,15731298,15898972,15894092,15566384
"pop_52",13104532,13115272,13626576,13331950,13239222,13220596,13210122,12982142,12235662,11990882,11999694,12266402,12949952,12746842,12080364,11566098,11464064,11893766,11577514,11949720,12142822,12447348,13333650,13116078,13342242,13430450,13362918,13903322,13955578,14034090,14380472,14844522,15521942,15716414,15678548,15514486,15441234,15306200,15147750,15136436,15213804,15303486,15593946,15470162,15232748,15358870,15538466,15598838,15717528,15885632,15881454
"pop_53",12774248,13041494,13053584,13563268,13371516,13175916,13158048,13149342,12924032,12183368,11941534,11949916,12216900,12897866,12697374,12035352,11524866,11424800,11853316,11539884,11911646,12105008,12409506,13293188,13078294,13304762,13393494,13327884,13867346,13920778,14000238,14346544,14810530,15486942,15682098,15645476,15483382,15411510,15277906,15121310,15111140,15189268,15279874,15570604,15448380,15212490,15339306,15519532,15580694,15699960,15868434
"pop_54",12393556,12707062,12974078,12987630,13508840,13299254,13106614,13089754,13082900,12860356,12125688,11885994,11895174,12162306,12840618,12642768,11985548,11478980,11380928,11808210,11497738,11868946,12062598,12367068,13247812,13035712,13262680,13351898,13288288,13826668,13881338,13961746,14307914,14771790,15447090,15642856,15607500,15447498,15377050,15245110,15090440,15081378,15160418,15251906,15542848,15422304,15188088,15315534,15496412,15558350,15678242
"pop_55",12364144,12322242,12635092,12901884,13001568,13427146,13221722,13031956,13016278,13011238,12791500,12062152,11825646,11835762,12103148,12778634,12583586,11931358,11428818,11332982,11758856,11451526,11822120,12016048,12320358,13197952,12988888,13216300,13306138,13244504,13781638,13837640,13919020,14264942,14728648,15402626,15599022,15565084,15407158,15338272,15207992,15055340,15047456,15127434,15219788,15511048,15392146,15159706,15287844,15469356,15532132
"pop_56",11736104,12285656,12245768,12557930,12898146,12916040,13339800,13138448,12951674,12937224,12933980,12716172,11993450,11760252,11771522,12039064,12711522,12519382,11872384,11374146,11280580,11705010,11400886,11770782,11964932,12269098,13143392,12937480,13165308,13255648,13196096,13731876,13789162,13871590,14217210,14680624,15353138,15550250,15517704,15362016,15294726,15166212,15015606,15009072,15089852,15183164,15474708,15357560,15126968,15255842,15438022
"pop_57",11334662,11654572,12201172,12163356,12714478,12805104,12824898,13246720,13049510,12865712,12852544,12849956,12635238,11919560,11689948,11702418,11970162,12639358,12450186,11808694,11314958,11223716,11646572,11345814,11714884,11909286,12213344,13084172,12881436,13109662,13200514,13143076,13677462,13736046,13819476,14164734,14627696,15298674,15496398,15465354,15312040,15246466,15119828,14971342,14966150,15047848,15142134,15433900,15318528,15089966,15219648
"pop_58",10943612,11247656,11566320,12109660,12218714,12614518,12706088,12727918,13147616,12954668,12773902,12760892,12760264,12548946,11840588,11614664,11628412,11896322,12561992,12375906,11740220,11251182,11162334,11583528,11286270,11654422,11849132,12152952,13020048,12820680,13049300,13140776,13085518,13618314,13678246,13762678,14107414,14569902,15239136,15437540,15407986,15257196,15193394,15068706,14922478,14918676,15001364,15096590,15388616,15275088,15048696
"pop_59",10508332,10850840,11153654,11470936,12092466,12114742,12508956,12601438,12625220,13042714,12854154,12675426,12663970,12665400,12457486,11756782,11534668,11549782,11817740,12479782,12296946,11667212,11183126,11096800,11516232,11222540,11589846,11784826,12088390,12951388,12755624,12984596,13076744,13023656,13554760,13616156,13701560,14045886,14507644,15174918,15374072,15346138,15197866,15135900,15013278,14869364,14867080,14950650,15046942,15339144,15227564
"pop_60",10467120,10409856,10750728,11052166,11532508,11981594,12005636,12398010,12491510,12517272,12932468,12747082,12571814,12562152,12565506,12361218,11668414,11450290,11466802,11734796,12393030,12213462,11590022,11111074,11027256,11444870,11155028,11521354,11716602,12019832,12878612,12686424,12915768,13008490,12957720,13486978,13549940,13636334,13980072,14441132,15106348,15306174,15279910,15134284,15074218,14953762,14812274,14811508,14896026,14993362,15285700
"pop_61",10009008,10357970,10303390,10642468,11067964,11420282,11866078,11891860,12282136,12376826,12404568,12816228,12635318,12463674,12455912,12461256,12260618,11576112,11362048,11380040,11647862,12302122,12125976,11509096,11035482,10954208,11370042,11084142,11449368,11644914,11947676,12802032,12613526,12843254,12936678,12888128,13415500,13479936,13567332,13910552,14370666,15033868,15234292,15209742,15066900,15008814,14890520,14751610,14752320,14837924,14936274
"pop_62",9982396,9894074,10240274,10188484,10627436,10952480,11303088,11745610,11773020,12161214,12257048,12285568,12694812,12518444,12350694,12344828,12352204,12155394,11479374,11269568,11289030,11556626,12206686,12034002,11424038,10955910,10877336,11291264,11009442,11373440,11569186,11871502,12721184,12536474,12766478,12860574,12814440,13339724,13405682,13493998,13836586,14295742,14956746,15157720,15135082,14994992,14938942,14822956,14686712,14688956,14775530
"pop_63",9809106,9856356,9770882,10114152,10254698,10509098,10831888,11180472,11619396,11648618,12034484,12130562,12160872,12567548,12395926,12232030,12228188,12237636,12044708,11377476,11172060,11192920,11460242,12105778,11936702,11333872,10871580,10795752,11207666,10930080,11292658,11488608,11790344,12635122,12454246,12684422,12779180,12735524,13258618,13326008,13415350,13757136,14215316,14873764,15075302,15054506,14917298,14863412,14749852,14616324,14620182
"pop_64",8023710,9673706,9721896,9639394,10003928,10131596,10385304,10705700,11051800,11486998,11518028,11900500,11997716,12029710,12433726,12266922,12107188,12105192,12116732,11927748,11269758,11068812,11091078,11357936,11998700,11833204,11238004,10781796,10708768,11118444,10845290,11206310,11402404,11703390,12542840,12365986,12596188,12691688,12650484,13171030,13239876,13330388,13671272,14128296,14783882,14985928,14967042,14832844,14781220,14670040,14539530
"pop_65",7454832,7904410,9529812,9578972,9687324,9873030,10001636,10254494,10572212,10915604,11346694,11378880,11758604,11856918,11890600,12291650,12129882,11974286,11974142,11987722,11802854,11154482,10958120,10981816,11248102,11883610,11721994,11134816,10684944,10614690,11021866,10753436,11112738,11308800,11608892,12442646,12269814,12499970,12596176,12557438,13075288,13145540,13237212,13577130,14032668,14685154,14887542,14870660,14739542,14690244,14581796
"pop_66",7343528,7333724,7777380,9376654,9588766,9550126,9734390,9863744,10115356,10430222,10770548,11196642,11230758,11607396,11706966,11742216,12140058,11983348,11831962,11833732,11849348,11668736,11030436,10838766,10863850,11129374,11759388,11601766,11022952,10579746,10512388,10916836,10653294,11010696,11206652,11505710,12333174,12164466,12394560,12491338,12455240,12970120,13041760,13134582,13473318,13927138,14576022,14778844,14763964,14636026,14589142
"pop_67",7272642,7211926,7204148,7641414,9973012,9440640,9404602,9587174,9717056,9967076,10278962,10615316,11036850,11072896,11446286,11546874,11583758,11978112,11826564,11679510,11683192,11700768,11524596,10896856,10709930,10736452,11001158,11625186,11471654,10901704,10465542,10401172,10802572,10544130,10899408,11095172,11392974,12213498,12049172,12278996,12376400,12342982,12854610,12927614,13021538,13358896,13810678,14455694,14658800,14645918,14521352
"pop_68",6563128,7128790,7071228,7065516,7289100,9804508,9283522,9250018,9430878,9561112,9809164,10117282,10450074,10866682,10904684,11274462,11376000,11414434,11804930,11658614,11516058,11521656,11541224,11369576,10752952,10571008,10599048,10862716,11480216,11330982,10770360,10341652,10280368,10678424,10425316,10778244,10973702,11269958,12082952,11923188,12152588,12250632,12219948,12727954,12802400,12897292,13233094,13682598,14323208,14526392,14515676
"pop_69",5946496,6420536,6975298,6921002,7143160,7157700,9626138,9117006,9085976,9265044,9395400,9641106,9945794,10274680,10686044,10725966,11091824,11194214,11234190,11620450,11479554,11341546,11349052,11370692,11203672,10598736,10422060,10451646,10714068,11324498,11179784,10628990,10208164,10150046,10544504,10296956,10647222,10842256,11136732,11941398,11786408,12015254,12113928,12086114,12590010,12665768,12761678,13095630,13542542,14178340,14381472
"pop_70",885614,935432,972416,978514,1024328,1058756,1076956,1120780,1144336,1153594,1209078,1203702,1212188,1221642,1224804,1321064,1347576,1382270,1472378,1517692,1581224,1649662,1794930,2045978,1984476,2024526,2048870,2773000,2651962,2668010,2744924,2811870,2914730,3035366,3164484,3320546,3366414,3514518,3582434,3627912,3786424,3780078,3770164,3806510,3849364,3826978,3655498,3630880,3673020,3803224,4053328
"pop_71",689844,739800,782720,815022,829494,862598,892526,908896,946842,967822,976796,1024776,1021256,1029562,1038580,1042342,1125338,1149026,1179646,1257616,1297504,1353004,1412820,1538504,1755178,1703954,1740166,1762986,2388500,2286778,2303026,2371906,2432326,2523862,2631084,2745718,2884086,2926894,3058690,3120916,3163536,3305010,3302848,3297490,3332340,3373122,3356540,3209204,3190598,3230444,3348204
"pop_72",540334,566480,608656,645072,660814,686196,714444,740058,754576,786878,805284,813736,854628,852572,860482,868882,873050,943466,964324,990928,1057418,1091950,1139810,1191230,1298340,1482484,1440986,1473306,1494354,2026746,1942726,1958824,2019698,2073528,2153902,2247886,2348384,2469406,2508838,2624616,2680850,2720362,2845022,2846170,2844598,2877510,2915746,2904392,2779544,2766302,2803532
"pop_73",412594,435706,457644,492724,515636,536148,557702,581402,602870,615530,642620,658454,666218,700516,699584,706936,714556,718782,777600,795538,818284,874056,903444,944074,987528,1077342,1231690,1198708,1227210,1246142,1692166,1624110,1639590,1692630,1739916,1809436,1890662,1977506,2081888,2117540,2217864,2268032,2303996,2412422,2416126,2417462,2448048,2483276,2476280,2372328,2363590
"pop_74",312030,326318,345292,363408,373340,409874,426836,444752,464282,481964,492796,515080,528476,535422,563656,563526,570108,576950,581046,629230,644434,663534,709440,734078,767878,803978,878244,1005350,979850,1004408,1021276,1388526,1334584,1349100,1394534,1435362,1494558,1563632,1637456,1726064,1757806,1843364,1887428,1919694,2012504,2018042,2021598,2049458,2081360,2077862,1992886
"pop_75",233674,241838,253434,268738,255682,290438,319298,333126,347672,363428,377738,386794,404730,415810,421828,444668,445096,450848,456756,460544,499306,511888,527600,564750,584928,612554,642216,702536,805270,785980,806878,821476,1118384,1076552,1089844,1128118,1162722,1212158,1269954,1331720,1405648,1433354,1505144,1543232,1571598,1649682,1656302,1661310,1686254,1714656,1713840
"pop_76",167460,177280,183858,193086,186890,194414,221208,243502,254522,266118,278554,289874,297264,311418,320380,325474,343556,344240,349144,354204,357556,388048,398270,410908,440276,456512,478838,502764,550738,632138,617906,635278,647756,883008,851478,863242,894936,923674,964282,1011642,1062392,1122986,1146740,1205834,1238102,1262502,1327044,1334142,1339914,1361734,1386530
"pop_77",118090,124254,131810,137020,122588,138760,144604,164764,181622,190160,199220,208792,217550,223434,234352,241396,245566,259576,260370,264454,268596,271480,294940,303040,312980,335736,348650,366322,385164,422530,485666,475540,489744,500150,682728,659386,669614,695258,718602,751294,789316,830250,878938,898876,946614,973274,993868,1046146,1053136,1059218,1077956
"pop_78",79832,85586,90268,95962,81510,88686,100588,105026,119910,132312,138854,145696,152904,159516,164028,172308,177716,181050,191636,192402,195720,199032,201386,219022,225338,232960,250306,260298,274010,288478,316962,364886,357890,369198,377594,516126,499410,507990,528322,546916,572652,602620,634878,673140,689458,727230,748802,765708,807184,813708,819568
"pop_79",53012,56524,60694,64164,53732,57522,62692,71260,74532,85216,94092,98970,104064,109334,114208,117614,123648,127672,130270,138022,138738,141318,143918,145806,158738,163494,169298,182214,189838,200172,211030,232242,267754,263080,271898,278528,381146,369570,376532,392256,406722,426462,449558,474374,503808,516812,546002,563014,576664,608778,614608
"pop_80",3269082,3232470,3190102,3175516,3246852,3481086,3529256,3596186,3807244,3900534,4038748,4187902,4529342,5132866,4946744,5015982,5044942,6788912,6452030,6450470,6595578,6711938,6910916,7150298,7407396,7724012,7778678,8067974,8169676,8222540,8529034,8457480,8382890,8412900,8455044,8355896,7932836,7828728,7873372,8099230,8581726,8499330,8105038,7808554,7790026,8113454,7948824,8241434,8416154,8668912,9317270
"pop_81",2987806,3057770,3025642,2987856,3072568,3060158,3282146,3329014,3393678,3594360,3683896,3815816,3958446,4282968,4855578,4681522,4748962,4778450,6432546,6115624,6116478,6256412,6369324,6560966,6790620,7037306,7340852,7396080,7674256,7774414,7827744,8122770,8058354,7990552,8022204,8065526,7973996,7573342,7477132,7522688,7741804,8206112,8130538,7756202,7475212,7460716,7773140,7618436,7901764,8072334,8317894
"pop_82",2782458,2774426,2841482,2813758,2869272,2876580,2866430,3075600,3120902,3183082,3372804,3458290,3583586,3719376,4026034,4566322,4404662,4470112,4500014,6059982,5763770,5766918,5901216,6010262,6193862,6413296,6649148,6938924,6994404,7260802,7358944,7412572,7695274,7638058,7577072,7610298,7654696,7570924,7193628,7105568,7151770,7363668,7808466,7739854,7386436,7121762,7111064,7411780,7267304,7540660,7706542
"pop_83",2530352,2563010,2557730,2621662,2662374,2666146,2674166,2666220,2862006,2905658,2964992,3143194,3224400,3342872,3471310,3759322,4265822,4116916,4180076,4210084,5671902,5397082,5402568,5530600,5635584,5810470,6019334,6243732,6518830,6574310,6828094,6924004,6977776,7247220,7197242,7143156,7177786,7223148,7147300,6794362,6714594,6761286,6965316,7389338,7327804,6996244,6748476,6741640,7029782,6895890,7158378
"pop_84",2270956,2310182,2342156,2339424,2475558,2452632,2457652,2466264,2460394,2642322,2684072,2740470,2906644,2983478,3094690,3215302,3483994,3955286,3819444,3880110,3910102,5270096,5017228,5024744,5146156,5246534,5412602,5610144,5822346,6082124,6137290,6377764,6470930,6524608,6780158,6737338,6690282,6726072,6772022,6704308,6376488,6305212,6352268,6547630,6949606,6895412,6586486,6356232,6353102,6627802,6504840
"pop_85",2051816,2053292,2090854,2121896,2163548,2258528,2239204,2245278,2254388,2250502,2418228,2457786,2511130,2664900,2736918,2840584,2953026,3201716,3636840,3514092,3571980,3601656,4856830,4626330,4635718,4750146,4845932,5002454,5188272,5387684,5631304,5685900,5912358,6002476,6055740,6296488,6260646,6220568,6257300,6303798,6244094,5942218,5879300,5926472,6112558,6491374,6444330,6158752,5946632,5947076,6207504
"pop_86",1790670,1835526,1838852,1874512,1944584,1953086,2040272,2024180,2031192,2040692,2038626,2192026,2229248,2279188,2420416,2487324,2583262,2687158,2915268,3313412,3203706,3258552,3287668,4435978,4227908,4238998,4346502,4437244,4583836,4757228,4943264,5170100,5223794,5435524,5522116,5574614,5799886,5770872,5737536,5774926,5821454,5769900,5494450,5439888,5486834,5662892,6017512,5977480,5715824,5522146,5526054
"pop_87",1525420,1583544,1625050,1629930,1704962,1735246,1744342,1823450,1810496,1818120,1827936,1827518,1966468,2001218,2047568,2175836,2237596,2325506,2420656,2627890,2988754,2891848,2943402,2971638,4012042,3826200,3839198,3939410,4024718,4160902,4321466,4493712,4703284,4755698,4952114,5034668,5086026,5295266,5272676,5245880,5283568,5329890,5286222,5037232,4990852,5037154,5202630,5531894,5498774,5261298,5086154
"pop_88",1327972,1332164,1384646,1422696,1445998,1502174,1530448,1539738,1610828,1600768,1608914,1618820,1619816,1744226,1776352,1819012,1934402,1990720,2070532,2156816,2343110,2666722,2582280,2630186,2657234,3589904,3426570,3440904,3533658,3613126,3738326,3885834,4043938,4235842,4286528,4467038,4545160,4594996,4787626,4770986,4750346,4788012,4833682,4797558,4575030,4536364,4581728,4735904,5039228,5012588,4799348
"pop_89",1102100,1143942,1149248,1196076,1236858,1256702,1306676,1332614,1342068,1405220,1397662,1406040,1415868,1418044,1528178,1557644,1596362,1698926,1749834,1821478,1898776,2064330,2351216,2278592,2322672,2348264,3175208,3033562,3048942,3133864,3207142,3321322,3455398,3599076,3773074,3821518,3985952,4059212,4107062,4282714,4271528,4256538,4293684,4338204,4309300,4112690,4081304,4125322,4267666,4544468,4523964
"pop_90",885614,935432,972416,978514,1024328,1058756,1076956,1120780,1144336,1153594,1209078,1203702,1212188,1221642,1224804,1321064,1347576,1382270,1472378,1517692,1581224,1649662,1794930,2045978,1984476,2024526,2048870,2773000,2651962,2668010,2744924,2811870,2914730,3035366,3164484,3320546,3366414,3514518,3582434,3627912,3786424,3780078,3770164,3806510,3849364,3826978,3655498,3630880,3673020,3803224,4053328
"pop_91",689844,739800,782720,815022,829494,862598,892526,908896,946842,967822,976796,1024776,1021256,1029562,1038580,1042342,1125338,1149026,1179646,1257616,1297504,1353004,1412820,1538504,1755178,1703954,1740166,1762986,2388500,2286778,2303026,2371906,2432326,2523862,2631084,2745718,2884086,2926894,3058690,3120916,3163536,3305010,3302848,3297490,3332340,3373122,3356540,3209204,3190598,3230444,3348204
"pop_92",540334,566480,608656,645072,660814,686196,714444,740058,754576,786878,805284,813736,854628,852572,860482,868882,873050,943466,964324,990928,1057418,1091950,1139810,1191230,1298340,1482484,1440986,1473306,1494354,2026746,1942726,1958824,2019698,2073528,2153902,2247886,2348384,2469406,2508838,2624616,2680850,2720362,2845022,2846170,2844598,2877510,2915746,2904392,2779544,2766302,2803532
"pop_93",412594,435706,457644,492724,515636,536148,557702,581402,602870,615530,642620,658454,666218,700516,699584,706936,714556,718782,777600,795538,818284,874056,903444,944074,987528,1077342,1231690,1198708,1227210,1246142,1692166,1624110,1639590,1692630,1739916,1809436,1890662,1977506,2081888,2117540,2217864,2268032,2303996,2412422,2416126,2417462,2448048,2483276,2476280,2372328,2363590
"pop_94",312030,326318,345292,363408,373340,409874,426836,444752,464282,481964,492796,515080,528476,535422,563656,563526,570108,576950,581046,629230,644434,663534,709440,734078,767878,803978,878244,1005350,979850,1004408,1021276,1388526,1334584,1349100,1394534,1435362,1494558,1563632,1637456,1726064,1757806,1843364,1887428,1919694,2012504,2018042,2021598,2049458,2081360,2077862,1992886
"pop_95",233674,241838,253434,268738,255682,290438,319298,333126,347672,363428,377738,386794,404730,415810,421828,444668,445096,450848,456756,460544,499306,511888,527600,564750,584928,612554,642216,702536,805270,785980,806878,821476,1118384,1076552,1089844,1128118,1162722,1212158,1269954,1331720,1405648,1433354,1505144,1543232,1571598,1649682,1656302,1661310,1686254,1714656,1713840
"pop_96",167460,177280,183858,193086,186890,194414,221208,243502,254522,266118,278554,289874,297264,311418,320380,325474,343556,344240,349144,354204,357556,388048,398270,410908,440276,456512,478838,502764,550738,632138,617906,635278,647756,883008,851478,863242,894936,923674,964282,1011642,1062392,1122986,1146740,1205834,1238102,1262502,1327044,1334142,1339914,1361734,1386530
"pop_97",118090,124254,131810,137020,122588,138760,144604,164764,181622,190160,199220,208792,217550,223434,234352,241396,245566,259576,260370,264454,268596,271480,294940,303040,312980,335736,348650,366322,385164,422530,485666,475540,489744,500150,682728,659386,669614,695258,718602,751294,789316,830250,878938,898876,946614,973274,993868,1046146,1053136,1059218,1077956
"pop_98",79832,85586,90268,95962,81510,88686,100588,105026,119910,132312,138854,145696,152904,159516,164028,172308,177716,181050,191636,192402,195720,199032,201386,219022,225338,232960,250306,260298,274010,288478,316962,364886,357890,369198,377594,516126,499410,507990,528322,546916,572652,602620,634878,673140,689458,727230,748802,765708,807184,813708,819568
"pop_99",53012,56524,60694,64164,53732,57522,62692,71260,74532,85216,94092,98970,104064,109334,114208,117614,123648,127672,130270,138022,138738,141318,143918,145806,158738,163494,169298,182214,189838,200172,211030,232242,267754,263080,271898,278528,381146,369570,376532,392256,406722,426462,449558,474374,503808,516812,546002,563014,576664,608778,614608
